-- Data export from survey_normalized.db
-- Generated on 2025-09-24T16:00:41.338290

-- Table: surveys
CREATE TABLE surveys (
                id INTEGER PRIMARY KEY AUTOINCREMENT,
                survey_name TEXT NOT NULL,
                survey_type TEXT NOT NULL,
                spreadsheet_id TEXT NOT NULL,
                description TEXT,
                created_at TIMESTAMP DEFAULT CURRENT_TIMESTAMP,
                updated_at TIMESTAMP DEFAULT CURRENT_TIMESTAMP,
                UNIQUE(spreadsheet_id)
            );

-- Data for surveys (5 rows)
INSERT OR REPLACE INTO surveys (id, survey_name, survey_type, spreadsheet_id, description, created_at, updated_at) VALUES (1, 'JJF Software Systems Inventory', 'inventory', '1h9AooI-E70v36EOxuErh4uYBg2TLbsF7X5kXdkrUkoQ', 'Survey data from JJF Software Systems Inventory', '2025-09-23 20:34:22', '2025-09-23 20:34:22');
INSERT OR REPLACE INTO surveys (id, survey_name, survey_type, spreadsheet_id, description, created_at, updated_at) VALUES (2, 'JJF Tech Survey - Intake Form', 'survey', '1qEHKDVIO4YTR3TjMt336HdKLIBMV2cebAcvdbGOUdCU', 'Survey data from JJF Tech Survey - Intake Form', '2025-09-23 20:34:22', '2025-09-23 20:34:22');
INSERT OR REPLACE INTO surveys (id, survey_name, survey_type, spreadsheet_id, description, created_at, updated_at) VALUES (821, 'JJF Technology Maturity Assessment - CEO', 'assessment', '1-aw7gjjvRMQj89lstVBtKDZ67Cs-dO1SHNsp4scJ4II', 'Survey data from JJF Technology Maturity Assessment - CEO', '2025-09-24 19:57:23', '2025-09-24 19:57:23');
INSERT OR REPLACE INTO surveys (id, survey_name, survey_type, spreadsheet_id, description, created_at, updated_at) VALUES (822, 'JJF Technology Maturity Assessment - Tech Lead', 'assessment', '1f3NKqhNR-CJr_e6_eLSTLbSFuYY8Gm0dxpSL0mlybMA', 'Survey data from JJF Technology Maturity Assessment - Tech Lead', '2025-09-24 19:57:23', '2025-09-24 19:57:23');
INSERT OR REPLACE INTO surveys (id, survey_name, survey_type, spreadsheet_id, description, created_at, updated_at) VALUES (823, 'JJF Technology Maturity Assessment - Staff', 'assessment', '1mQxcZ9U1UsVmHstgWdbHuT7bqfVXV4ZNCr9pn0TlVWM', 'Survey data from JJF Technology Maturity Assessment - Staff', '2025-09-24 19:57:23', '2025-09-24 19:57:23');

-- Table: survey_questions
CREATE TABLE survey_questions (
                id INTEGER PRIMARY KEY AUTOINCREMENT,
                survey_id INTEGER NOT NULL,
                question_key TEXT NOT NULL,
                question_text TEXT,
                question_type TEXT DEFAULT 'text',
                question_order INTEGER,
                is_required BOOLEAN DEFAULT 0,
                created_at TIMESTAMP DEFAULT CURRENT_TIMESTAMP,
                FOREIGN KEY (survey_id) REFERENCES surveys (id),
                UNIQUE(survey_id, question_key)
            );

-- Data for survey_questions (240 rows)
INSERT OR REPLACE INTO survey_questions (id, survey_id, question_key, question_text, question_type, question_order, is_required, created_at) VALUES (1, 1, 'AI - Cost', 'AI - Cost', 'text', 1, 0, '2025-09-23 20:34:22');
INSERT OR REPLACE INTO survey_questions (id, survey_id, question_key, question_text, question_type, question_order, is_required, created_at) VALUES (2, 1, 'AI - Expiration', 'AI - Expiration', 'text', 2, 0, '2025-09-23 20:34:22');
INSERT OR REPLACE INTO survey_questions (id, survey_id, question_key, question_text, question_type, question_order, is_required, created_at) VALUES (3, 1, 'AI - Name', 'AI - Name', 'text', 3, 0, '2025-09-23 20:34:22');
INSERT OR REPLACE INTO survey_questions (id, survey_id, question_key, question_text, question_type, question_order, is_required, created_at) VALUES (4, 1, 'AI - Satisfaction', 'AI - Satisfaction', 'text', 4, 0, '2025-09-23 20:34:22');
INSERT OR REPLACE INTO survey_questions (id, survey_id, question_key, question_text, question_type, question_order, is_required, created_at) VALUES (5, 1, 'AI - Users', 'AI - Users', 'text', 5, 0, '2025-09-23 20:34:22');
INSERT OR REPLACE INTO survey_questions (id, survey_id, question_key, question_text, question_type, question_order, is_required, created_at) VALUES (6, 1, 'Analytics  - Name', 'Analytics  - Name', 'text', 6, 0, '2025-09-23 20:34:22');
INSERT OR REPLACE INTO survey_questions (id, survey_id, question_key, question_text, question_type, question_order, is_required, created_at) VALUES (7, 1, 'Analytics - Cost', 'Analytics - Cost', 'text', 7, 0, '2025-09-23 20:34:22');
INSERT OR REPLACE INTO survey_questions (id, survey_id, question_key, question_text, question_type, question_order, is_required, created_at) VALUES (8, 1, 'Analytics - Expiration', 'Analytics - Expiration', 'text', 8, 0, '2025-09-23 20:34:22');
INSERT OR REPLACE INTO survey_questions (id, survey_id, question_key, question_text, question_type, question_order, is_required, created_at) VALUES (9, 1, 'Analytics - Satisfaction', 'Analytics - Satisfaction', 'text', 9, 0, '2025-09-23 20:34:22');
INSERT OR REPLACE INTO survey_questions (id, survey_id, question_key, question_text, question_type, question_order, is_required, created_at) VALUES (10, 1, 'Analytics - Users', 'Analytics - Users', 'text', 10, 0, '2025-09-23 20:34:22');
INSERT OR REPLACE INTO survey_questions (id, survey_id, question_key, question_text, question_type, question_order, is_required, created_at) VALUES (11, 1, 'Approximate Technology Budget Size (If known)', 'Approximate Technology Budget Size (If known)', 'text', 11, 0, '2025-09-23 20:34:22');
INSERT OR REPLACE INTO survey_questions (id, survey_id, question_key, question_text, question_type, question_order, is_required, created_at) VALUES (12, 1, 'CRM - Cost', 'CRM - Cost', 'text', 12, 0, '2025-09-23 20:34:22');
INSERT OR REPLACE INTO survey_questions (id, survey_id, question_key, question_text, question_type, question_order, is_required, created_at) VALUES (13, 1, 'CRM - Expiration', 'CRM - Expiration', 'text', 13, 0, '2025-09-23 20:34:22');
INSERT OR REPLACE INTO survey_questions (id, survey_id, question_key, question_text, question_type, question_order, is_required, created_at) VALUES (14, 1, 'CRM - Name', 'CRM - Name', 'text', 14, 0, '2025-09-23 20:34:22');
INSERT OR REPLACE INTO survey_questions (id, survey_id, question_key, question_text, question_type, question_order, is_required, created_at) VALUES (15, 1, 'CRM - Satisfaction', 'CRM - Satisfaction', 'text', 15, 0, '2025-09-23 20:34:22');
INSERT OR REPLACE INTO survey_questions (id, survey_id, question_key, question_text, question_type, question_order, is_required, created_at) VALUES (16, 1, 'CRM - Users', 'CRM - Users', 'text', 16, 0, '2025-09-23 20:34:22');
INSERT OR REPLACE INTO survey_questions (id, survey_id, question_key, question_text, question_type, question_order, is_required, created_at) VALUES (17, 1, 'Communication - Cost', 'Communication - Cost', 'text', 17, 0, '2025-09-23 20:34:22');
INSERT OR REPLACE INTO survey_questions (id, survey_id, question_key, question_text, question_type, question_order, is_required, created_at) VALUES (18, 1, 'Communication - Expiration', 'Communication - Expiration', 'text', 18, 0, '2025-09-23 20:34:22');
INSERT OR REPLACE INTO survey_questions (id, survey_id, question_key, question_text, question_type, question_order, is_required, created_at) VALUES (19, 1, 'Communication - Name', 'Communication - Name', 'text', 19, 0, '2025-09-23 20:34:22');
INSERT OR REPLACE INTO survey_questions (id, survey_id, question_key, question_text, question_type, question_order, is_required, created_at) VALUES (20, 1, 'Communication - Satisfaction', 'Communication - Satisfaction', 'text', 20, 0, '2025-09-23 20:34:22');
INSERT OR REPLACE INTO survey_questions (id, survey_id, question_key, question_text, question_type, question_order, is_required, created_at) VALUES (21, 1, 'Communication - Users', 'Communication - Users', 'text', 21, 0, '2025-09-23 20:34:22');
INSERT OR REPLACE INTO survey_questions (id, survey_id, question_key, question_text, question_type, question_order, is_required, created_at) VALUES (22, 1, 'Cybersecurity - Cost', 'Cybersecurity - Cost', 'text', 22, 0, '2025-09-23 20:34:22');
INSERT OR REPLACE INTO survey_questions (id, survey_id, question_key, question_text, question_type, question_order, is_required, created_at) VALUES (23, 1, 'Cybersecurity - Expiration', 'Cybersecurity - Expiration', 'text', 23, 0, '2025-09-23 20:34:22');
INSERT OR REPLACE INTO survey_questions (id, survey_id, question_key, question_text, question_type, question_order, is_required, created_at) VALUES (24, 1, 'Cybersecurity - Name', 'Cybersecurity - Name', 'text', 24, 0, '2025-09-23 20:34:22');
INSERT OR REPLACE INTO survey_questions (id, survey_id, question_key, question_text, question_type, question_order, is_required, created_at) VALUES (25, 1, 'Cybersecurity - Satisfaction', 'Cybersecurity - Satisfaction', 'text', 25, 0, '2025-09-23 20:34:22');
INSERT OR REPLACE INTO survey_questions (id, survey_id, question_key, question_text, question_type, question_order, is_required, created_at) VALUES (26, 1, 'Cybersecurity - Users', 'Cybersecurity - Users', 'text', 26, 0, '2025-09-23 20:34:22');
INSERT OR REPLACE INTO survey_questions (id, survey_id, question_key, question_text, question_type, question_order, is_required, created_at) VALUES (27, 1, 'Donor Management - Cost', 'Donor Management - Cost', 'text', 27, 0, '2025-09-23 20:34:22');
INSERT OR REPLACE INTO survey_questions (id, survey_id, question_key, question_text, question_type, question_order, is_required, created_at) VALUES (28, 1, 'Donor Management - Expiration', 'Donor Management - Expiration', 'text', 28, 0, '2025-09-23 20:34:22');
INSERT OR REPLACE INTO survey_questions (id, survey_id, question_key, question_text, question_type, question_order, is_required, created_at) VALUES (29, 1, 'Donor Management - Name', 'Donor Management - Name', 'text', 29, 0, '2025-09-23 20:34:22');
INSERT OR REPLACE INTO survey_questions (id, survey_id, question_key, question_text, question_type, question_order, is_required, created_at) VALUES (30, 1, 'Donor Management - Satisfatcion', 'Donor Management - Satisfatcion', 'text', 30, 0, '2025-09-23 20:34:22');
INSERT OR REPLACE INTO survey_questions (id, survey_id, question_key, question_text, question_type, question_order, is_required, created_at) VALUES (31, 1, 'Donor Management - Users', 'Donor Management - Users', 'text', 31, 0, '2025-09-23 20:34:22');
INSERT OR REPLACE INTO survey_questions (id, survey_id, question_key, question_text, question_type, question_order, is_required, created_at) VALUES (32, 1, 'Duration (s)', 'Duration (s)', 'text', 32, 0, '2025-09-23 20:34:22');
INSERT OR REPLACE INTO survey_questions (id, survey_id, question_key, question_text, question_type, question_order, is_required, created_at) VALUES (33, 1, 'Education - Cost', 'Education - Cost', 'text', 33, 0, '2025-09-23 20:34:22');
INSERT OR REPLACE INTO survey_questions (id, survey_id, question_key, question_text, question_type, question_order, is_required, created_at) VALUES (34, 1, 'Education - Expiration', 'Education - Expiration', 'text', 34, 0, '2025-09-23 20:34:22');
INSERT OR REPLACE INTO survey_questions (id, survey_id, question_key, question_text, question_type, question_order, is_required, created_at) VALUES (35, 1, 'Education - Name', 'Education - Name', 'text', 35, 0, '2025-09-23 20:34:22');
INSERT OR REPLACE INTO survey_questions (id, survey_id, question_key, question_text, question_type, question_order, is_required, created_at) VALUES (36, 1, 'Education - Satisfaction', 'Education - Satisfaction', 'text', 36, 0, '2025-09-23 20:34:22');
INSERT OR REPLACE INTO survey_questions (id, survey_id, question_key, question_text, question_type, question_order, is_required, created_at) VALUES (37, 1, 'Education - Users', 'Education - Users', 'text', 37, 0, '2025-09-23 20:34:22');
INSERT OR REPLACE INTO survey_questions (id, survey_id, question_key, question_text, question_type, question_order, is_required, created_at) VALUES (38, 1, 'Email', 'Email', 'text', 38, 0, '2025-09-23 20:34:22');
INSERT OR REPLACE INTO survey_questions (id, survey_id, question_key, question_text, question_type, question_order, is_required, created_at) VALUES (39, 1, 'Email Address', 'Email Address', 'text', 39, 0, '2025-09-23 20:34:22');
INSERT OR REPLACE INTO survey_questions (id, survey_id, question_key, question_text, question_type, question_order, is_required, created_at) VALUES (40, 1, 'Event - Cost', 'Event - Cost', 'text', 40, 0, '2025-09-23 20:34:22');
INSERT OR REPLACE INTO survey_questions (id, survey_id, question_key, question_text, question_type, question_order, is_required, created_at) VALUES (41, 1, 'Event - Expiration', 'Event - Expiration', 'text', 41, 0, '2025-09-23 20:34:22');
INSERT OR REPLACE INTO survey_questions (id, survey_id, question_key, question_text, question_type, question_order, is_required, created_at) VALUES (42, 1, 'Event - Name', 'Event - Name', 'text', 42, 0, '2025-09-23 20:34:22');
INSERT OR REPLACE INTO survey_questions (id, survey_id, question_key, question_text, question_type, question_order, is_required, created_at) VALUES (43, 1, 'Event - Satisfaction', 'Event - Satisfaction', 'text', 43, 0, '2025-09-23 20:34:22');
INSERT OR REPLACE INTO survey_questions (id, survey_id, question_key, question_text, question_type, question_order, is_required, created_at) VALUES (44, 1, 'Event - Users', 'Event - Users', 'text', 44, 0, '2025-09-23 20:34:22');
INSERT OR REPLACE INTO survey_questions (id, survey_id, question_key, question_text, question_type, question_order, is_required, created_at) VALUES (45, 1, 'Financial Management - Cost', 'Financial Management - Cost', 'text', 45, 0, '2025-09-23 20:34:22');
INSERT OR REPLACE INTO survey_questions (id, survey_id, question_key, question_text, question_type, question_order, is_required, created_at) VALUES (46, 1, 'Financial Management - Expiration', 'Financial Management - Expiration', 'text', 46, 0, '2025-09-23 20:34:22');
INSERT OR REPLACE INTO survey_questions (id, survey_id, question_key, question_text, question_type, question_order, is_required, created_at) VALUES (47, 1, 'Financial Management - Name', 'Financial Management - Name', 'text', 47, 0, '2025-09-23 20:34:22');
INSERT OR REPLACE INTO survey_questions (id, survey_id, question_key, question_text, question_type, question_order, is_required, created_at) VALUES (48, 1, 'Financial Management - Satisfaction', 'Financial Management - Satisfaction', 'text', 48, 0, '2025-09-23 20:34:22');
INSERT OR REPLACE INTO survey_questions (id, survey_id, question_key, question_text, question_type, question_order, is_required, created_at) VALUES (49, 1, 'Financial Management - Users', 'Financial Management - Users', 'text', 49, 0, '2025-09-23 20:34:22');
INSERT OR REPLACE INTO survey_questions (id, survey_id, question_key, question_text, question_type, question_order, is_required, created_at) VALUES (50, 1, 'Finish Time', 'Finish Time', 'text', 50, 0, '2025-09-23 20:34:22');
INSERT OR REPLACE INTO survey_questions (id, survey_id, question_key, question_text, question_type, question_order, is_required, created_at) VALUES (51, 1, 'Full Name', 'Full Name', 'text', 51, 0, '2025-09-23 20:34:22');
INSERT OR REPLACE INTO survey_questions (id, survey_id, question_key, question_text, question_type, question_order, is_required, created_at) VALUES (52, 1, 'Fundraising - Cost', 'Fundraising - Cost', 'text', 52, 0, '2025-09-23 20:34:22');
INSERT OR REPLACE INTO survey_questions (id, survey_id, question_key, question_text, question_type, question_order, is_required, created_at) VALUES (53, 1, 'Fundraising - Expiration', 'Fundraising - Expiration', 'text', 53, 0, '2025-09-23 20:34:22');
INSERT OR REPLACE INTO survey_questions (id, survey_id, question_key, question_text, question_type, question_order, is_required, created_at) VALUES (54, 1, 'Fundraising - Name', 'Fundraising - Name', 'text', 54, 0, '2025-09-23 20:34:22');
INSERT OR REPLACE INTO survey_questions (id, survey_id, question_key, question_text, question_type, question_order, is_required, created_at) VALUES (55, 1, 'Fundraising - Satisfaction', 'Fundraising - Satisfaction', 'text', 55, 0, '2025-09-23 20:34:22');
INSERT OR REPLACE INTO survey_questions (id, survey_id, question_key, question_text, question_type, question_order, is_required, created_at) VALUES (56, 1, 'Fundraising - Users', 'Fundraising - Users', 'text', 56, 0, '2025-09-23 20:34:22');
INSERT OR REPLACE INTO survey_questions (id, survey_id, question_key, question_text, question_type, question_order, is_required, created_at) VALUES (57, 1, 'HR - Cost', 'HR - Cost', 'text', 57, 0, '2025-09-23 20:34:22');
INSERT OR REPLACE INTO survey_questions (id, survey_id, question_key, question_text, question_type, question_order, is_required, created_at) VALUES (58, 1, 'HR - Expiration', 'HR - Expiration', 'text', 58, 0, '2025-09-23 20:34:22');
INSERT OR REPLACE INTO survey_questions (id, survey_id, question_key, question_text, question_type, question_order, is_required, created_at) VALUES (59, 1, 'HR - Satisfaction', 'HR - Satisfaction', 'text', 59, 0, '2025-09-23 20:34:22');
INSERT OR REPLACE INTO survey_questions (id, survey_id, question_key, question_text, question_type, question_order, is_required, created_at) VALUES (60, 1, 'HR - Users', 'HR - Users', 'text', 60, 0, '2025-09-23 20:34:22');
INSERT OR REPLACE INTO survey_questions (id, survey_id, question_key, question_text, question_type, question_order, is_required, created_at) VALUES (61, 1, 'HR- Name', 'HR- Name', 'text', 61, 0, '2025-09-23 20:34:22');
INSERT OR REPLACE INTO survey_questions (id, survey_id, question_key, question_text, question_type, question_order, is_required, created_at) VALUES (62, 1, 'Is there anything else you''d like to add about your organization''s software systems?', 'Is there anything else you''d like to add about your organization''s software systems?', 'text', 62, 0, '2025-09-23 20:34:22');
INSERT OR REPLACE INTO survey_questions (id, survey_id, question_key, question_text, question_type, question_order, is_required, created_at) VALUES (63, 1, 'Marketing - Cost', 'Marketing - Cost', 'text', 63, 0, '2025-09-23 20:34:22');
INSERT OR REPLACE INTO survey_questions (id, survey_id, question_key, question_text, question_type, question_order, is_required, created_at) VALUES (64, 1, 'Marketing - Expiration', 'Marketing - Expiration', 'text', 64, 0, '2025-09-23 20:34:22');
INSERT OR REPLACE INTO survey_questions (id, survey_id, question_key, question_text, question_type, question_order, is_required, created_at) VALUES (65, 1, 'Marketing - Name', 'Marketing - Name', 'text', 65, 0, '2025-09-23 20:34:22');
INSERT OR REPLACE INTO survey_questions (id, survey_id, question_key, question_text, question_type, question_order, is_required, created_at) VALUES (66, 1, 'Marketing - Satisfaction', 'Marketing - Satisfaction', 'text', 66, 0, '2025-09-23 20:34:22');
INSERT OR REPLACE INTO survey_questions (id, survey_id, question_key, question_text, question_type, question_order, is_required, created_at) VALUES (67, 1, 'Marketing - Users', 'Marketing - Users', 'text', 67, 0, '2025-09-23 20:34:22');
INSERT OR REPLACE INTO survey_questions (id, survey_id, question_key, question_text, question_type, question_order, is_required, created_at) VALUES (68, 1, 'Organization Name', 'Organization Name', 'text', 68, 0, '2025-09-23 20:34:22');
INSERT OR REPLACE INTO survey_questions (id, survey_id, question_key, question_text, question_type, question_order, is_required, created_at) VALUES (69, 1, 'Other - Cos', 'Other - Cos', 'text', 69, 0, '2025-09-23 20:34:22');
INSERT OR REPLACE INTO survey_questions (id, survey_id, question_key, question_text, question_type, question_order, is_required, created_at) VALUES (70, 1, 'Other - Expiration', 'Other - Expiration', 'text', 70, 0, '2025-09-23 20:34:22');
INSERT OR REPLACE INTO survey_questions (id, survey_id, question_key, question_text, question_type, question_order, is_required, created_at) VALUES (71, 1, 'Other - Name', 'Other - Name', 'text', 71, 0, '2025-09-23 20:34:22');
INSERT OR REPLACE INTO survey_questions (id, survey_id, question_key, question_text, question_type, question_order, is_required, created_at) VALUES (72, 1, 'Other - Satisfaction', 'Other - Satisfaction', 'text', 72, 0, '2025-09-23 20:34:22');
INSERT OR REPLACE INTO survey_questions (id, survey_id, question_key, question_text, question_type, question_order, is_required, created_at) VALUES (73, 1, 'Other - Users', 'Other - Users', 'text', 73, 0, '2025-09-23 20:34:22');
INSERT OR REPLACE INTO survey_questions (id, survey_id, question_key, question_text, question_type, question_order, is_required, created_at) VALUES (74, 1, 'Productivity Solutions - Cost', 'Productivity Solutions - Cost', 'text', 74, 0, '2025-09-23 20:34:22');
INSERT OR REPLACE INTO survey_questions (id, survey_id, question_key, question_text, question_type, question_order, is_required, created_at) VALUES (75, 1, 'Productivity Solutions - Expiration', 'Productivity Solutions - Expiration', 'text', 75, 0, '2025-09-23 20:34:22');
INSERT OR REPLACE INTO survey_questions (id, survey_id, question_key, question_text, question_type, question_order, is_required, created_at) VALUES (76, 1, 'Productivity Solutions - Name', 'Productivity Solutions - Name', 'text', 76, 0, '2025-09-23 20:34:22');
INSERT OR REPLACE INTO survey_questions (id, survey_id, question_key, question_text, question_type, question_order, is_required, created_at) VALUES (77, 1, 'Productivity Solutions - Satisfaction', 'Productivity Solutions - Satisfaction', 'text', 77, 0, '2025-09-23 20:34:22');
INSERT OR REPLACE INTO survey_questions (id, survey_id, question_key, question_text, question_type, question_order, is_required, created_at) VALUES (78, 1, 'Productivity Solutions - Users', 'Productivity Solutions - Users', 'text', 78, 0, '2025-09-23 20:34:22');
INSERT OR REPLACE INTO survey_questions (id, survey_id, question_key, question_text, question_type, question_order, is_required, created_at) VALUES (79, 1, 'Reference #', 'Reference #', 'text', 79, 0, '2025-09-23 20:34:22');
INSERT OR REPLACE INTO survey_questions (id, survey_id, question_key, question_text, question_type, question_order, is_required, created_at) VALUES (80, 1, 'Referrer', 'Referrer', 'text', 80, 0, '2025-09-23 20:34:22');
INSERT OR REPLACE INTO survey_questions (id, survey_id, question_key, question_text, question_type, question_order, is_required, created_at) VALUES (81, 1, 'Role', 'Role', 'text', 81, 0, '2025-09-23 20:34:22');
INSERT OR REPLACE INTO survey_questions (id, survey_id, question_key, question_text, question_type, question_order, is_required, created_at) VALUES (82, 1, 'Social Media - Cost', 'Social Media - Cost', 'text', 82, 0, '2025-09-23 20:34:22');
INSERT OR REPLACE INTO survey_questions (id, survey_id, question_key, question_text, question_type, question_order, is_required, created_at) VALUES (83, 1, 'Social Media - Expiration', 'Social Media - Expiration', 'text', 83, 0, '2025-09-23 20:34:22');
INSERT OR REPLACE INTO survey_questions (id, survey_id, question_key, question_text, question_type, question_order, is_required, created_at) VALUES (84, 1, 'Social Media - Name', 'Social Media - Name', 'text', 84, 0, '2025-09-23 20:34:22');
INSERT OR REPLACE INTO survey_questions (id, survey_id, question_key, question_text, question_type, question_order, is_required, created_at) VALUES (85, 1, 'Social Media - Satisfaction', 'Social Media - Satisfaction', 'text', 85, 0, '2025-09-23 20:34:22');
INSERT OR REPLACE INTO survey_questions (id, survey_id, question_key, question_text, question_type, question_order, is_required, created_at) VALUES (86, 1, 'Social Media - Users', 'Social Media - Users', 'text', 86, 0, '2025-09-23 20:34:22');
INSERT OR REPLACE INTO survey_questions (id, survey_id, question_key, question_text, question_type, question_order, is_required, created_at) VALUES (87, 1, 'Start Time', 'Start Time', 'text', 87, 0, '2025-09-23 20:34:22');
INSERT OR REPLACE INTO survey_questions (id, survey_id, question_key, question_text, question_type, question_order, is_required, created_at) VALUES (88, 1, 'Status', 'Status', 'text', 88, 0, '2025-09-23 20:34:22');
INSERT OR REPLACE INTO survey_questions (id, survey_id, question_key, question_text, question_type, question_order, is_required, created_at) VALUES (89, 1, 'Survey - Cost', 'Survey - Cost', 'text', 89, 0, '2025-09-23 20:34:22');
INSERT OR REPLACE INTO survey_questions (id, survey_id, question_key, question_text, question_type, question_order, is_required, created_at) VALUES (90, 1, 'Survey - Expiration', 'Survey - Expiration', 'text', 90, 0, '2025-09-23 20:34:22');
INSERT OR REPLACE INTO survey_questions (id, survey_id, question_key, question_text, question_type, question_order, is_required, created_at) VALUES (91, 1, 'Survey - Name', 'Survey - Name', 'text', 91, 0, '2025-09-23 20:34:22');
INSERT OR REPLACE INTO survey_questions (id, survey_id, question_key, question_text, question_type, question_order, is_required, created_at) VALUES (92, 1, 'Survey - Satisfaction', 'Survey - Satisfaction', 'text', 92, 0, '2025-09-23 20:34:22');
INSERT OR REPLACE INTO survey_questions (id, survey_id, question_key, question_text, question_type, question_order, is_required, created_at) VALUES (93, 1, 'Survey - Users', 'Survey - Users', 'text', 93, 0, '2025-09-23 20:34:22');
INSERT OR REPLACE INTO survey_questions (id, survey_id, question_key, question_text, question_type, question_order, is_required, created_at) VALUES (94, 1, 'User', 'User', 'text', 94, 0, '2025-09-23 20:34:22');
INSERT OR REPLACE INTO survey_questions (id, survey_id, question_key, question_text, question_type, question_order, is_required, created_at) VALUES (95, 1, 'Username', 'Username', 'text', 95, 0, '2025-09-23 20:34:22');
INSERT OR REPLACE INTO survey_questions (id, survey_id, question_key, question_text, question_type, question_order, is_required, created_at) VALUES (96, 1, 'Volunteer - Cost', 'Volunteer - Cost', 'text', 96, 0, '2025-09-23 20:34:22');
INSERT OR REPLACE INTO survey_questions (id, survey_id, question_key, question_text, question_type, question_order, is_required, created_at) VALUES (97, 1, 'Volunteer - Expiration', 'Volunteer - Expiration', 'text', 97, 0, '2025-09-23 20:34:22');
INSERT OR REPLACE INTO survey_questions (id, survey_id, question_key, question_text, question_type, question_order, is_required, created_at) VALUES (98, 1, 'Volunteer - Name', 'Volunteer - Name', 'text', 98, 0, '2025-09-23 20:34:22');
INSERT OR REPLACE INTO survey_questions (id, survey_id, question_key, question_text, question_type, question_order, is_required, created_at) VALUES (99, 1, 'Volunteer - Satisfaction', 'Volunteer - Satisfaction', 'text', 99, 0, '2025-09-23 20:34:22');
INSERT OR REPLACE INTO survey_questions (id, survey_id, question_key, question_text, question_type, question_order, is_required, created_at) VALUES (100, 1, 'Volunteer - Users', 'Volunteer - Users', 'text', 100, 0, '2025-09-23 20:34:22');
INSERT OR REPLACE INTO survey_questions (id, survey_id, question_key, question_text, question_type, question_order, is_required, created_at) VALUES (101, 1, 'Website - Cost', 'Website - Cost', 'text', 101, 0, '2025-09-23 20:34:22');
INSERT OR REPLACE INTO survey_questions (id, survey_id, question_key, question_text, question_type, question_order, is_required, created_at) VALUES (102, 1, 'Website - Expiration', 'Website - Expiration', 'text', 102, 0, '2025-09-23 20:34:22');
INSERT OR REPLACE INTO survey_questions (id, survey_id, question_key, question_text, question_type, question_order, is_required, created_at) VALUES (103, 1, 'Website - Name', 'Website - Name', 'text', 103, 0, '2025-09-23 20:34:22');
INSERT OR REPLACE INTO survey_questions (id, survey_id, question_key, question_text, question_type, question_order, is_required, created_at) VALUES (104, 1, 'Website - Satisfaction', 'Website - Satisfaction', 'text', 104, 0, '2025-09-23 20:34:22');
INSERT OR REPLACE INTO survey_questions (id, survey_id, question_key, question_text, question_type, question_order, is_required, created_at) VALUES (105, 1, 'Website - Users', 'Website - Users', 'text', 105, 0, '2025-09-23 20:34:22');
INSERT OR REPLACE INTO survey_questions (id, survey_id, question_key, question_text, question_type, question_order, is_required, created_at) VALUES (106, 2, 'Do you have an AI policy in place?', 'Do you have an AI policy in place?', 'text', 1, 0, '2025-09-23 20:34:22');
INSERT OR REPLACE INTO survey_questions (id, survey_id, question_key, question_text, question_type, question_order, is_required, created_at) VALUES (107, 2, 'Do you have any suggestions or comments for us on the Technology Strategy?', 'Do you have any suggestions or comments for us on the Technology Strategy?', 'text', 2, 0, '2025-09-23 20:34:22');
INSERT OR REPLACE INTO survey_questions (id, survey_id, question_key, question_text, question_type, question_order, is_required, created_at) VALUES (108, 2, 'Duration (s)', 'Duration (s)', 'text', 3, 0, '2025-09-23 20:34:22');
INSERT OR REPLACE INTO survey_questions (id, survey_id, question_key, question_text, question_type, question_order, is_required, created_at) VALUES (109, 2, 'Email', 'Email', 'text', 4, 0, '2025-09-23 20:34:22');
INSERT OR REPLACE INTO survey_questions (id, survey_id, question_key, question_text, question_type, question_order, is_required, created_at) VALUES (110, 2, 'Finish Time', 'Finish Time', 'text', 5, 0, '2025-09-23 20:34:22');
INSERT OR REPLACE INTO survey_questions (id, survey_id, question_key, question_text, question_type, question_order, is_required, created_at) VALUES (111, 2, 'Name', 'Name', 'text', 6, 0, '2025-09-23 20:34:22');
INSERT OR REPLACE INTO survey_questions (id, survey_id, question_key, question_text, question_type, question_order, is_required, created_at) VALUES (112, 2, 'Organization Name:', 'Organization Name:', 'text', 7, 0, '2025-09-23 20:34:22');
INSERT OR REPLACE INTO survey_questions (id, survey_id, question_key, question_text, question_type, question_order, is_required, created_at) VALUES (113, 2, 'Please select which of these best describes how AI is currently being used in your organization:', 'Please select which of these best describes how AI is currently being used in your organization:', 'text', 8, 0, '2025-09-23 20:34:22');
INSERT OR REPLACE INTO survey_questions (id, survey_id, question_key, question_text, question_type, question_order, is_required, created_at) VALUES (114, 2, 'Reference #', 'Reference #', 'text', 9, 0, '2025-09-23 20:34:22');
INSERT OR REPLACE INTO survey_questions (id, survey_id, question_key, question_text, question_type, question_order, is_required, created_at) VALUES (115, 2, 'Referrer', 'Referrer', 'text', 10, 0, '2025-09-23 20:34:22');
INSERT OR REPLACE INTO survey_questions (id, survey_id, question_key, question_text, question_type, question_order, is_required, created_at) VALUES (116, 2, 'Role', 'Role', 'text', 11, 0, '2025-09-23 20:34:22');
INSERT OR REPLACE INTO survey_questions (id, survey_id, question_key, question_text, question_type, question_order, is_required, created_at) VALUES (117, 2, 'Start Time', 'Start Time', 'text', 12, 0, '2025-09-23 20:34:22');
INSERT OR REPLACE INTO survey_questions (id, survey_id, question_key, question_text, question_type, question_order, is_required, created_at) VALUES (118, 2, 'Status', 'Status', 'text', 13, 0, '2025-09-23 20:34:22');
INSERT OR REPLACE INTO survey_questions (id, survey_id, question_key, question_text, question_type, question_order, is_required, created_at) VALUES (119, 2, 'User', 'User', 'text', 14, 0, '2025-09-23 20:34:22');
INSERT OR REPLACE INTO survey_questions (id, survey_id, question_key, question_text, question_type, question_order, is_required, created_at) VALUES (120, 2, 'When might you be ready to participate?', 'When might you be ready to participate?', 'text', 15, 0, '2025-09-23 20:34:22');
INSERT OR REPLACE INTO survey_questions (id, survey_id, question_key, question_text, question_type, question_order, is_required, created_at) VALUES (33151, 821, ' Staff 2 First', ' Staff 2 First', 'text', 1, 0, '2025-09-24 19:57:23');
INSERT OR REPLACE INTO survey_questions (id, survey_id, question_key, question_text, question_type, question_order, is_required, created_at) VALUES (33152, 821, 'Additional Staff', 'Additional Staff', 'text', 2, 0, '2025-09-24 19:57:23');
INSERT OR REPLACE INTO survey_questions (id, survey_id, question_key, question_text, question_type, question_order, is_required, created_at) VALUES (33153, 821, 'C-BS-1', 'C-BS-1', 'text', 3, 0, '2025-09-24 19:57:23');
INSERT OR REPLACE INTO survey_questions (id, survey_id, question_key, question_text, question_type, question_order, is_required, created_at) VALUES (33154, 821, 'C-BS-2', 'C-BS-2', 'text', 4, 0, '2025-09-24 19:57:23');
INSERT OR REPLACE INTO survey_questions (id, survey_id, question_key, question_text, question_type, question_order, is_required, created_at) VALUES (33155, 821, 'C-BS-3', 'C-BS-3', 'text', 5, 0, '2025-09-24 19:57:23');
INSERT OR REPLACE INTO survey_questions (id, survey_id, question_key, question_text, question_type, question_order, is_required, created_at) VALUES (33156, 821, 'C-BS-4', 'C-BS-4', 'text', 6, 0, '2025-09-24 19:57:23');
INSERT OR REPLACE INTO survey_questions (id, survey_id, question_key, question_text, question_type, question_order, is_required, created_at) VALUES (33157, 821, 'C-D-1', 'C-D-1', 'text', 7, 0, '2025-09-24 19:57:23');
INSERT OR REPLACE INTO survey_questions (id, survey_id, question_key, question_text, question_type, question_order, is_required, created_at) VALUES (33158, 821, 'C-D-2', 'C-D-2', 'text', 8, 0, '2025-09-24 19:57:23');
INSERT OR REPLACE INTO survey_questions (id, survey_id, question_key, question_text, question_type, question_order, is_required, created_at) VALUES (33159, 821, 'C-FC', 'C-FC', 'text', 9, 0, '2025-09-24 19:57:23');
INSERT OR REPLACE INTO survey_questions (id, survey_id, question_key, question_text, question_type, question_order, is_required, created_at) VALUES (33160, 821, 'C-I-1', 'C-I-1', 'text', 10, 0, '2025-09-24 19:57:23');
INSERT OR REPLACE INTO survey_questions (id, survey_id, question_key, question_text, question_type, question_order, is_required, created_at) VALUES (33161, 821, 'C-I-2', 'C-I-2', 'text', 11, 0, '2025-09-24 19:57:23');
INSERT OR REPLACE INTO survey_questions (id, survey_id, question_key, question_text, question_type, question_order, is_required, created_at) VALUES (33162, 821, 'C-I-3', 'C-I-3', 'text', 12, 0, '2025-09-24 19:57:23');
INSERT OR REPLACE INTO survey_questions (id, survey_id, question_key, question_text, question_type, question_order, is_required, created_at) VALUES (33163, 821, 'C-I-4', 'C-I-4', 'text', 13, 0, '2025-09-24 19:57:23');
INSERT OR REPLACE INTO survey_questions (id, survey_id, question_key, question_text, question_type, question_order, is_required, created_at) VALUES (33164, 821, 'C-I-5', 'C-I-5', 'text', 14, 0, '2025-09-24 19:57:23');
INSERT OR REPLACE INTO survey_questions (id, survey_id, question_key, question_text, question_type, question_order, is_required, created_at) VALUES (33165, 821, 'C-OC-1', 'C-OC-1', 'text', 15, 0, '2025-09-24 19:57:23');
INSERT OR REPLACE INTO survey_questions (id, survey_id, question_key, question_text, question_type, question_order, is_required, created_at) VALUES (33166, 821, 'C-OC-2', 'C-OC-2', 'text', 16, 0, '2025-09-24 19:57:23');
INSERT OR REPLACE INTO survey_questions (id, survey_id, question_key, question_text, question_type, question_order, is_required, created_at) VALUES (33167, 821, 'C-OC-3', 'C-OC-3', 'text', 17, 0, '2025-09-24 19:57:23');
INSERT OR REPLACE INTO survey_questions (id, survey_id, question_key, question_text, question_type, question_order, is_required, created_at) VALUES (33168, 821, 'C-OC-4', 'C-OC-4', 'text', 18, 0, '2025-09-24 19:57:23');
INSERT OR REPLACE INTO survey_questions (id, survey_id, question_key, question_text, question_type, question_order, is_required, created_at) VALUES (33169, 821, 'C-OC-5', 'C-OC-5', 'text', 19, 0, '2025-09-24 19:57:23');
INSERT OR REPLACE INTO survey_questions (id, survey_id, question_key, question_text, question_type, question_order, is_required, created_at) VALUES (33170, 821, 'C-OC-6', 'C-OC-6', 'text', 20, 0, '2025-09-24 19:57:23');
INSERT OR REPLACE INTO survey_questions (id, survey_id, question_key, question_text, question_type, question_order, is_required, created_at) VALUES (33171, 821, 'C-OC-7', 'C-OC-7', 'text', 21, 0, '2025-09-24 19:57:23');
INSERT OR REPLACE INTO survey_questions (id, survey_id, question_key, question_text, question_type, question_order, is_required, created_at) VALUES (33172, 821, 'C-OC-8', 'C-OC-8', 'text', 22, 0, '2025-09-24 19:57:23');
INSERT OR REPLACE INTO survey_questions (id, survey_id, question_key, question_text, question_type, question_order, is_required, created_at) VALUES (33173, 821, 'C-PT-1', 'C-PT-1', 'text', 23, 0, '2025-09-24 19:57:23');
INSERT OR REPLACE INTO survey_questions (id, survey_id, question_key, question_text, question_type, question_order, is_required, created_at) VALUES (33174, 821, 'C-PT-2', 'C-PT-2', 'text', 24, 0, '2025-09-24 19:57:23');
INSERT OR REPLACE INTO survey_questions (id, survey_id, question_key, question_text, question_type, question_order, is_required, created_at) VALUES (33175, 821, 'C-PT-3', 'C-PT-3', 'text', 25, 0, '2025-09-24 19:57:23');
INSERT OR REPLACE INTO survey_questions (id, survey_id, question_key, question_text, question_type, question_order, is_required, created_at) VALUES (33176, 821, 'C-TC', 'C-TC', 'text', 26, 0, '2025-09-24 19:57:23');
INSERT OR REPLACE INTO survey_questions (id, survey_id, question_key, question_text, question_type, question_order, is_required, created_at) VALUES (33177, 821, 'C-TIP', 'C-TIP', 'text', 27, 0, '2025-09-24 19:57:23');
INSERT OR REPLACE INTO survey_questions (id, survey_id, question_key, question_text, question_type, question_order, is_required, created_at) VALUES (33178, 821, 'CEO Organization', 'CEO Organization', 'text', 28, 0, '2025-09-24 19:57:23');
INSERT OR REPLACE INTO survey_questions (id, survey_id, question_key, question_text, question_type, question_order, is_required, created_at) VALUES (33179, 821, 'Duration (s)', 'Duration (s)', 'text', 29, 0, '2025-09-24 19:57:23');
INSERT OR REPLACE INTO survey_questions (id, survey_id, question_key, question_text, question_type, question_order, is_required, created_at) VALUES (33180, 821, 'Finish Time', 'Finish Time', 'text', 30, 0, '2025-09-24 19:57:23');
INSERT OR REPLACE INTO survey_questions (id, survey_id, question_key, question_text, question_type, question_order, is_required, created_at) VALUES (33181, 821, 'Name', 'Name', 'text', 31, 0, '2025-09-24 19:57:23');
INSERT OR REPLACE INTO survey_questions (id, survey_id, question_key, question_text, question_type, question_order, is_required, created_at) VALUES (33182, 821, 'Reference #', 'Reference #', 'text', 32, 0, '2025-09-24 19:57:23');
INSERT OR REPLACE INTO survey_questions (id, survey_id, question_key, question_text, question_type, question_order, is_required, created_at) VALUES (33183, 821, 'Referrer', 'Referrer', 'text', 33, 0, '2025-09-24 19:57:23');
INSERT OR REPLACE INTO survey_questions (id, survey_id, question_key, question_text, question_type, question_order, is_required, created_at) VALUES (33184, 821, 'Staff 1 Email', 'Staff 1 Email', 'text', 34, 0, '2025-09-24 19:57:23');
INSERT OR REPLACE INTO survey_questions (id, survey_id, question_key, question_text, question_type, question_order, is_required, created_at) VALUES (33185, 821, 'Staff 1 First', 'Staff 1 First', 'text', 35, 0, '2025-09-24 19:57:23');
INSERT OR REPLACE INTO survey_questions (id, survey_id, question_key, question_text, question_type, question_order, is_required, created_at) VALUES (33186, 821, 'Staff 1 Last', 'Staff 1 Last', 'text', 36, 0, '2025-09-24 19:57:23');
INSERT OR REPLACE INTO survey_questions (id, survey_id, question_key, question_text, question_type, question_order, is_required, created_at) VALUES (33187, 821, 'Staff 1 Role', 'Staff 1 Role', 'text', 37, 0, '2025-09-24 19:57:23');
INSERT OR REPLACE INTO survey_questions (id, survey_id, question_key, question_text, question_type, question_order, is_required, created_at) VALUES (33188, 821, 'Staff 2 Email', 'Staff 2 Email', 'text', 38, 0, '2025-09-24 19:57:23');
INSERT OR REPLACE INTO survey_questions (id, survey_id, question_key, question_text, question_type, question_order, is_required, created_at) VALUES (33189, 821, 'Staff 2 Last', 'Staff 2 Last', 'text', 39, 0, '2025-09-24 19:57:23');
INSERT OR REPLACE INTO survey_questions (id, survey_id, question_key, question_text, question_type, question_order, is_required, created_at) VALUES (33190, 821, 'Staff 2 Role', 'Staff 2 Role', 'text', 40, 0, '2025-09-24 19:57:23');
INSERT OR REPLACE INTO survey_questions (id, survey_id, question_key, question_text, question_type, question_order, is_required, created_at) VALUES (33191, 821, 'Staff 3 Email', 'Staff 3 Email', 'text', 41, 0, '2025-09-24 19:57:23');
INSERT OR REPLACE INTO survey_questions (id, survey_id, question_key, question_text, question_type, question_order, is_required, created_at) VALUES (33192, 821, 'Staff 3 First', 'Staff 3 First', 'text', 42, 0, '2025-09-24 19:57:23');
INSERT OR REPLACE INTO survey_questions (id, survey_id, question_key, question_text, question_type, question_order, is_required, created_at) VALUES (33193, 821, 'Staff 3 Last', 'Staff 3 Last', 'text', 43, 0, '2025-09-24 19:57:23');
INSERT OR REPLACE INTO survey_questions (id, survey_id, question_key, question_text, question_type, question_order, is_required, created_at) VALUES (33194, 821, 'Staff 3 Role', 'Staff 3 Role', 'text', 44, 0, '2025-09-24 19:57:23');
INSERT OR REPLACE INTO survey_questions (id, survey_id, question_key, question_text, question_type, question_order, is_required, created_at) VALUES (33195, 821, 'Staff 4 Email', 'Staff 4 Email', 'text', 45, 0, '2025-09-24 19:57:23');
INSERT OR REPLACE INTO survey_questions (id, survey_id, question_key, question_text, question_type, question_order, is_required, created_at) VALUES (33196, 821, 'Staff 4 First', 'Staff 4 First', 'text', 46, 0, '2025-09-24 19:57:23');
INSERT OR REPLACE INTO survey_questions (id, survey_id, question_key, question_text, question_type, question_order, is_required, created_at) VALUES (33197, 821, 'Staff 4 Last', 'Staff 4 Last', 'text', 47, 0, '2025-09-24 19:57:23');
INSERT OR REPLACE INTO survey_questions (id, survey_id, question_key, question_text, question_type, question_order, is_required, created_at) VALUES (33198, 821, 'Staff 4 Role', 'Staff 4 Role', 'text', 48, 0, '2025-09-24 19:57:23');
INSERT OR REPLACE INTO survey_questions (id, survey_id, question_key, question_text, question_type, question_order, is_required, created_at) VALUES (33199, 821, 'Staff 5 Email', 'Staff 5 Email', 'text', 49, 0, '2025-09-24 19:57:23');
INSERT OR REPLACE INTO survey_questions (id, survey_id, question_key, question_text, question_type, question_order, is_required, created_at) VALUES (33200, 821, 'Staff 5 First', 'Staff 5 First', 'text', 50, 0, '2025-09-24 19:57:23');
INSERT OR REPLACE INTO survey_questions (id, survey_id, question_key, question_text, question_type, question_order, is_required, created_at) VALUES (33201, 821, 'Staff 5 Last', 'Staff 5 Last', 'text', 51, 0, '2025-09-24 19:57:23');
INSERT OR REPLACE INTO survey_questions (id, survey_id, question_key, question_text, question_type, question_order, is_required, created_at) VALUES (33202, 821, 'Staff 5 Role', 'Staff 5 Role', 'text', 52, 0, '2025-09-24 19:57:23');
INSERT OR REPLACE INTO survey_questions (id, survey_id, question_key, question_text, question_type, question_order, is_required, created_at) VALUES (33203, 821, 'Start Time', 'Start Time', 'text', 53, 0, '2025-09-24 19:57:23');
INSERT OR REPLACE INTO survey_questions (id, survey_id, question_key, question_text, question_type, question_order, is_required, created_at) VALUES (33204, 821, 'Status', 'Status', 'text', 54, 0, '2025-09-24 19:57:23');
INSERT OR REPLACE INTO survey_questions (id, survey_id, question_key, question_text, question_type, question_order, is_required, created_at) VALUES (33205, 821, 'Tech Lead Email', 'Tech Lead Email', 'text', 55, 0, '2025-09-24 19:57:23');
INSERT OR REPLACE INTO survey_questions (id, survey_id, question_key, question_text, question_type, question_order, is_required, created_at) VALUES (33206, 821, 'Tech Lead First', 'Tech Lead First', 'text', 56, 0, '2025-09-24 19:57:23');
INSERT OR REPLACE INTO survey_questions (id, survey_id, question_key, question_text, question_type, question_order, is_required, created_at) VALUES (33207, 821, 'Tech Lead Last', 'Tech Lead Last', 'text', 57, 0, '2025-09-24 19:57:23');
INSERT OR REPLACE INTO survey_questions (id, survey_id, question_key, question_text, question_type, question_order, is_required, created_at) VALUES (33208, 821, 'Tech Lead Role', 'Tech Lead Role', 'text', 58, 0, '2025-09-24 19:57:23');
INSERT OR REPLACE INTO survey_questions (id, survey_id, question_key, question_text, question_type, question_order, is_required, created_at) VALUES (33209, 821, 'User', 'User', 'text', 59, 0, '2025-09-24 19:57:23');
INSERT OR REPLACE INTO survey_questions (id, survey_id, question_key, question_text, question_type, question_order, is_required, created_at) VALUES (33210, 822, 'Duration (s)', 'Duration (s)', 'text', 1, 0, '2025-09-24 19:57:23');
INSERT OR REPLACE INTO survey_questions (id, survey_id, question_key, question_text, question_type, question_order, is_required, created_at) VALUES (33211, 822, 'Finish Time', 'Finish Time', 'text', 2, 0, '2025-09-24 19:57:23');
INSERT OR REPLACE INTO survey_questions (id, survey_id, question_key, question_text, question_type, question_order, is_required, created_at) VALUES (33212, 822, 'Name', 'Name', 'text', 3, 0, '2025-09-24 19:57:23');
INSERT OR REPLACE INTO survey_questions (id, survey_id, question_key, question_text, question_type, question_order, is_required, created_at) VALUES (33213, 822, 'Organization', 'Organization', 'text', 4, 0, '2025-09-24 19:57:23');
INSERT OR REPLACE INTO survey_questions (id, survey_id, question_key, question_text, question_type, question_order, is_required, created_at) VALUES (33214, 822, 'Reference #', 'Reference #', 'text', 5, 0, '2025-09-24 19:57:23');
INSERT OR REPLACE INTO survey_questions (id, survey_id, question_key, question_text, question_type, question_order, is_required, created_at) VALUES (33215, 822, 'Referrer', 'Referrer', 'text', 6, 0, '2025-09-24 19:57:23');
INSERT OR REPLACE INTO survey_questions (id, survey_id, question_key, question_text, question_type, question_order, is_required, created_at) VALUES (33216, 822, 'Start Time', 'Start Time', 'text', 7, 0, '2025-09-24 19:57:23');
INSERT OR REPLACE INTO survey_questions (id, survey_id, question_key, question_text, question_type, question_order, is_required, created_at) VALUES (33217, 822, 'Status', 'Status', 'text', 8, 0, '2025-09-24 19:57:23');
INSERT OR REPLACE INTO survey_questions (id, survey_id, question_key, question_text, question_type, question_order, is_required, created_at) VALUES (33218, 822, 'TL-CTC', 'TL-CTC', 'text', 9, 0, '2025-09-24 19:57:23');
INSERT OR REPLACE INTO survey_questions (id, survey_id, question_key, question_text, question_type, question_order, is_required, created_at) VALUES (33219, 822, 'TL-FC', 'TL-FC', 'text', 10, 0, '2025-09-24 19:57:23');
INSERT OR REPLACE INTO survey_questions (id, survey_id, question_key, question_text, question_type, question_order, is_required, created_at) VALUES (33220, 822, 'TL-I-1', 'TL-I-1', 'text', 11, 0, '2025-09-24 19:57:23');
INSERT OR REPLACE INTO survey_questions (id, survey_id, question_key, question_text, question_type, question_order, is_required, created_at) VALUES (33221, 822, 'TL-I-10', 'TL-I-10', 'text', 12, 0, '2025-09-24 19:57:23');
INSERT OR REPLACE INTO survey_questions (id, survey_id, question_key, question_text, question_type, question_order, is_required, created_at) VALUES (33222, 822, 'TL-I-11', 'TL-I-11', 'text', 13, 0, '2025-09-24 19:57:23');
INSERT OR REPLACE INTO survey_questions (id, survey_id, question_key, question_text, question_type, question_order, is_required, created_at) VALUES (33223, 822, 'TL-I-12', 'TL-I-12', 'text', 14, 0, '2025-09-24 19:57:23');
INSERT OR REPLACE INTO survey_questions (id, survey_id, question_key, question_text, question_type, question_order, is_required, created_at) VALUES (33224, 822, 'TL-I-13', 'TL-I-13', 'text', 15, 0, '2025-09-24 19:57:23');
INSERT OR REPLACE INTO survey_questions (id, survey_id, question_key, question_text, question_type, question_order, is_required, created_at) VALUES (33225, 822, 'TL-I-14', 'TL-I-14', 'text', 16, 0, '2025-09-24 19:57:23');
INSERT OR REPLACE INTO survey_questions (id, survey_id, question_key, question_text, question_type, question_order, is_required, created_at) VALUES (33226, 822, 'TL-I-2', 'TL-I-2', 'text', 17, 0, '2025-09-24 19:57:23');
INSERT OR REPLACE INTO survey_questions (id, survey_id, question_key, question_text, question_type, question_order, is_required, created_at) VALUES (33227, 822, 'TL-I-3', 'TL-I-3', 'text', 18, 0, '2025-09-24 19:57:23');
INSERT OR REPLACE INTO survey_questions (id, survey_id, question_key, question_text, question_type, question_order, is_required, created_at) VALUES (33228, 822, 'TL-I-4', 'TL-I-4', 'text', 19, 0, '2025-09-24 19:57:23');
INSERT OR REPLACE INTO survey_questions (id, survey_id, question_key, question_text, question_type, question_order, is_required, created_at) VALUES (33229, 822, 'TL-I-5', 'TL-I-5', 'text', 20, 0, '2025-09-24 19:57:23');
INSERT OR REPLACE INTO survey_questions (id, survey_id, question_key, question_text, question_type, question_order, is_required, created_at) VALUES (33230, 822, 'TL-I-6', 'TL-I-6', 'text', 21, 0, '2025-09-24 19:57:23');
INSERT OR REPLACE INTO survey_questions (id, survey_id, question_key, question_text, question_type, question_order, is_required, created_at) VALUES (33231, 822, 'TL-I-7', 'TL-I-7', 'text', 22, 0, '2025-09-24 19:57:23');
INSERT OR REPLACE INTO survey_questions (id, survey_id, question_key, question_text, question_type, question_order, is_required, created_at) VALUES (33232, 822, 'TL-I-8', 'TL-I-8', 'text', 23, 0, '2025-09-24 19:57:23');
INSERT OR REPLACE INTO survey_questions (id, survey_id, question_key, question_text, question_type, question_order, is_required, created_at) VALUES (33233, 822, 'TL-I-9', 'TL-I-9', 'text', 24, 0, '2025-09-24 19:57:23');
INSERT OR REPLACE INTO survey_questions (id, survey_id, question_key, question_text, question_type, question_order, is_required, created_at) VALUES (33234, 822, 'TL-OC-1', 'TL-OC-1', 'text', 25, 0, '2025-09-24 19:57:23');
INSERT OR REPLACE INTO survey_questions (id, survey_id, question_key, question_text, question_type, question_order, is_required, created_at) VALUES (33235, 822, 'TL-OC-2', 'TL-OC-2', 'text', 26, 0, '2025-09-24 19:57:23');
INSERT OR REPLACE INTO survey_questions (id, survey_id, question_key, question_text, question_type, question_order, is_required, created_at) VALUES (33236, 822, 'TL-OC-3', 'TL-OC-3', 'text', 27, 0, '2025-09-24 19:57:23');
INSERT OR REPLACE INTO survey_questions (id, survey_id, question_key, question_text, question_type, question_order, is_required, created_at) VALUES (33237, 822, 'TL-OC-4', 'TL-OC-4', 'text', 28, 0, '2025-09-24 19:57:23');
INSERT OR REPLACE INTO survey_questions (id, survey_id, question_key, question_text, question_type, question_order, is_required, created_at) VALUES (33238, 822, 'TLC-TIP', 'TLC-TIP', 'text', 29, 0, '2025-09-24 19:57:23');
INSERT OR REPLACE INTO survey_questions (id, survey_id, question_key, question_text, question_type, question_order, is_required, created_at) VALUES (33239, 822, 'User', 'User', 'text', 30, 0, '2025-09-24 19:57:23');
INSERT OR REPLACE INTO survey_questions (id, survey_id, question_key, question_text, question_type, question_order, is_required, created_at) VALUES (33240, 823, 'Duration (s)', 'Duration (s)', 'text', 1, 0, '2025-09-24 19:57:23');
INSERT OR REPLACE INTO survey_questions (id, survey_id, question_key, question_text, question_type, question_order, is_required, created_at) VALUES (33241, 823, 'Finish Time', 'Finish Time', 'text', 2, 0, '2025-09-24 19:57:23');
INSERT OR REPLACE INTO survey_questions (id, survey_id, question_key, question_text, question_type, question_order, is_required, created_at) VALUES (33242, 823, 'Name', 'Name', 'text', 3, 0, '2025-09-24 19:57:23');
INSERT OR REPLACE INTO survey_questions (id, survey_id, question_key, question_text, question_type, question_order, is_required, created_at) VALUES (33243, 823, 'Organization', 'Organization', 'text', 4, 0, '2025-09-24 19:57:23');
INSERT OR REPLACE INTO survey_questions (id, survey_id, question_key, question_text, question_type, question_order, is_required, created_at) VALUES (33244, 823, 'Reference #', 'Reference #', 'text', 5, 0, '2025-09-24 19:57:23');
INSERT OR REPLACE INTO survey_questions (id, survey_id, question_key, question_text, question_type, question_order, is_required, created_at) VALUES (33245, 823, 'Referrer', 'Referrer', 'text', 6, 0, '2025-09-24 19:57:23');
INSERT OR REPLACE INTO survey_questions (id, survey_id, question_key, question_text, question_type, question_order, is_required, created_at) VALUES (33246, 823, 'S-BS-1', 'S-BS-1', 'text', 7, 0, '2025-09-24 19:57:23');
INSERT OR REPLACE INTO survey_questions (id, survey_id, question_key, question_text, question_type, question_order, is_required, created_at) VALUES (33247, 823, 'S-BS-2', 'S-BS-2', 'text', 8, 0, '2025-09-24 19:57:23');
INSERT OR REPLACE INTO survey_questions (id, survey_id, question_key, question_text, question_type, question_order, is_required, created_at) VALUES (33248, 823, 'S-BS-3', 'S-BS-3', 'text', 9, 0, '2025-09-24 19:57:23');
INSERT OR REPLACE INTO survey_questions (id, survey_id, question_key, question_text, question_type, question_order, is_required, created_at) VALUES (33249, 823, 'S-BS-4', 'S-BS-4', 'text', 10, 0, '2025-09-24 19:57:23');
INSERT OR REPLACE INTO survey_questions (id, survey_id, question_key, question_text, question_type, question_order, is_required, created_at) VALUES (33250, 823, 'S-CTC', 'S-CTC', 'text', 11, 0, '2025-09-24 19:57:23');
INSERT OR REPLACE INTO survey_questions (id, survey_id, question_key, question_text, question_type, question_order, is_required, created_at) VALUES (33251, 823, 'S-D-1', 'S-D-1', 'text', 12, 0, '2025-09-24 19:57:23');
INSERT OR REPLACE INTO survey_questions (id, survey_id, question_key, question_text, question_type, question_order, is_required, created_at) VALUES (33252, 823, 'S-D-2', 'S-D-2', 'text', 13, 0, '2025-09-24 19:57:23');
INSERT OR REPLACE INTO survey_questions (id, survey_id, question_key, question_text, question_type, question_order, is_required, created_at) VALUES (33253, 823, 'S-D-3', 'S-D-3', 'text', 14, 0, '2025-09-24 19:57:23');
INSERT OR REPLACE INTO survey_questions (id, survey_id, question_key, question_text, question_type, question_order, is_required, created_at) VALUES (33254, 823, 'S-FC', 'S-FC', 'text', 15, 0, '2025-09-24 19:57:23');
INSERT OR REPLACE INTO survey_questions (id, survey_id, question_key, question_text, question_type, question_order, is_required, created_at) VALUES (33255, 823, 'S-I-1', 'S-I-1', 'text', 16, 0, '2025-09-24 19:57:23');
INSERT OR REPLACE INTO survey_questions (id, survey_id, question_key, question_text, question_type, question_order, is_required, created_at) VALUES (33256, 823, 'S-I-2', 'S-I-2', 'text', 17, 0, '2025-09-24 19:57:23');
INSERT OR REPLACE INTO survey_questions (id, survey_id, question_key, question_text, question_type, question_order, is_required, created_at) VALUES (33257, 823, 'S-I-3', 'S-I-3', 'text', 18, 0, '2025-09-24 19:57:23');
INSERT OR REPLACE INTO survey_questions (id, survey_id, question_key, question_text, question_type, question_order, is_required, created_at) VALUES (33258, 823, 'S-I-4', 'S-I-4', 'text', 19, 0, '2025-09-24 19:57:23');
INSERT OR REPLACE INTO survey_questions (id, survey_id, question_key, question_text, question_type, question_order, is_required, created_at) VALUES (33259, 823, 'S-I-5', 'S-I-5', 'text', 20, 0, '2025-09-24 19:57:23');
INSERT OR REPLACE INTO survey_questions (id, survey_id, question_key, question_text, question_type, question_order, is_required, created_at) VALUES (33260, 823, 'S-I-6', 'S-I-6', 'text', 21, 0, '2025-09-24 19:57:23');
INSERT OR REPLACE INTO survey_questions (id, survey_id, question_key, question_text, question_type, question_order, is_required, created_at) VALUES (33261, 823, 'S-I-7', 'S-I-7', 'text', 22, 0, '2025-09-24 19:57:23');
INSERT OR REPLACE INTO survey_questions (id, survey_id, question_key, question_text, question_type, question_order, is_required, created_at) VALUES (33262, 823, 'S-OC-1', 'S-OC-1', 'text', 23, 0, '2025-09-24 19:57:23');
INSERT OR REPLACE INTO survey_questions (id, survey_id, question_key, question_text, question_type, question_order, is_required, created_at) VALUES (33263, 823, 'S-OC-2', 'S-OC-2', 'text', 24, 0, '2025-09-24 19:57:23');
INSERT OR REPLACE INTO survey_questions (id, survey_id, question_key, question_text, question_type, question_order, is_required, created_at) VALUES (33264, 823, 'S-PT-1', 'S-PT-1', 'text', 25, 0, '2025-09-24 19:57:23');
INSERT OR REPLACE INTO survey_questions (id, survey_id, question_key, question_text, question_type, question_order, is_required, created_at) VALUES (33265, 823, 'S-PT-2', 'S-PT-2', 'text', 26, 0, '2025-09-24 19:57:23');
INSERT OR REPLACE INTO survey_questions (id, survey_id, question_key, question_text, question_type, question_order, is_required, created_at) VALUES (33266, 823, 'S-PT-3', 'S-PT-3', 'text', 27, 0, '2025-09-24 19:57:23');
INSERT OR REPLACE INTO survey_questions (id, survey_id, question_key, question_text, question_type, question_order, is_required, created_at) VALUES (33267, 823, 'S-TIP', 'S-TIP', 'text', 28, 0, '2025-09-24 19:57:23');
INSERT OR REPLACE INTO survey_questions (id, survey_id, question_key, question_text, question_type, question_order, is_required, created_at) VALUES (33268, 823, 'Start Time', 'Start Time', 'text', 29, 0, '2025-09-24 19:57:23');
INSERT OR REPLACE INTO survey_questions (id, survey_id, question_key, question_text, question_type, question_order, is_required, created_at) VALUES (33269, 823, 'Status', 'Status', 'text', 30, 0, '2025-09-24 19:57:23');
INSERT OR REPLACE INTO survey_questions (id, survey_id, question_key, question_text, question_type, question_order, is_required, created_at) VALUES (33270, 823, 'User', 'User', 'text', 31, 0, '2025-09-24 19:57:23');

-- Table: respondents
CREATE TABLE respondents (
                id INTEGER PRIMARY KEY AUTOINCREMENT,
                respondent_hash TEXT UNIQUE NOT NULL,
                browser TEXT,
                device TEXT,
                ip_address TEXT,
                user_agent TEXT,
                first_response_date TIMESTAMP,
                last_response_date TIMESTAMP,
                total_responses INTEGER DEFAULT 0,
                created_at TIMESTAMP DEFAULT CURRENT_TIMESTAMP
            );

-- Data for respondents (19 rows)
INSERT OR REPLACE INTO respondents (id, respondent_hash, browser, device, ip_address, user_agent, first_response_date, last_response_date, total_responses, created_at) VALUES (1, '2cb4dc1da3b98701', 'Firefox', 'Desktop', NULL, NULL, '2025-09-16 16:09:21', '2025-09-16 15:41:54', 288, '2025-09-23 20:34:22');
INSERT OR REPLACE INTO respondents (id, respondent_hash, browser, device, ip_address, user_agent, first_response_date, last_response_date, total_responses, created_at) VALUES (2, '76756d2e3a58d09e', 'Chrome', 'Desktop', NULL, NULL, '2025-09-16 20:41:02', '2025-09-16 14:18:09', 13, '2025-09-23 20:34:22');
INSERT OR REPLACE INTO respondents (id, respondent_hash, browser, device, ip_address, user_agent, first_response_date, last_response_date, total_responses, created_at) VALUES (3, '2a27d20a94c00e41', 'Chrome', 'Desktop', NULL, NULL, '2025-09-15 15:26:09', '2025-09-15 15:42:44', 7, '2025-09-23 20:34:22');
INSERT OR REPLACE INTO respondents (id, respondent_hash, browser, device, ip_address, user_agent, first_response_date, last_response_date, total_responses, created_at) VALUES (12, 'ddff7a5c73dc9dc0', 'Chrome', 'Desktop', NULL, NULL, '2025-09-17 09:35:09', '2025-09-17 09:35:09', 3, '2025-09-23 20:34:22');
INSERT OR REPLACE INTO respondents (id, respondent_hash, browser, device, ip_address, user_agent, first_response_date, last_response_date, total_responses, created_at) VALUES (13, '604b03dbe5fe04f3', 'Safari', 'Desktop', NULL, NULL, '2025-09-17 11:10:24', '2025-09-17 11:10:24', 3, '2025-09-23 20:34:22');
INSERT OR REPLACE INTO respondents (id, respondent_hash, browser, device, ip_address, user_agent, first_response_date, last_response_date, total_responses, created_at) VALUES (14, '0526cfcf7fa788d5', 'Chrome', 'Desktop', NULL, NULL, '2025-09-18 09:58:29', '2025-09-18 20:23:39', 5, '2025-09-23 20:34:22');
INSERT OR REPLACE INTO respondents (id, respondent_hash, browser, device, ip_address, user_agent, first_response_date, last_response_date, total_responses, created_at) VALUES (16, 'a53202eabe7b027a', 'Chrome', 'Desktop', NULL, NULL, '2025-09-19 09:27:05', '2025-09-19 17:01:18', 7, '2025-09-23 20:34:22');
INSERT OR REPLACE INTO respondents (id, respondent_hash, browser, device, ip_address, user_agent, first_response_date, last_response_date, total_responses, created_at) VALUES (19, '3242f53998e5d3ff', 'Chrome', 'Desktop', NULL, NULL, '2025-09-22 12:40:57', '2025-09-22 12:40:57', 3, '2025-09-23 20:34:22');
INSERT OR REPLACE INTO respondents (id, respondent_hash, browser, device, ip_address, user_agent, first_response_date, last_response_date, total_responses, created_at) VALUES (20, '565d240f5343e625', '', '', NULL, NULL, NULL, NULL, 820, '2025-09-23 20:34:22');
INSERT OR REPLACE INTO respondents (id, respondent_hash, browser, device, ip_address, user_agent, first_response_date, last_response_date, total_responses, created_at) VALUES (22, '88389dd5d5efaba1', '122', '72.159.77.87', NULL, NULL, NULL, NULL, 284, '2025-09-23 20:34:22');
INSERT OR REPLACE INTO respondents (id, respondent_hash, browser, device, ip_address, user_agent, first_response_date, last_response_date, total_responses, created_at) VALUES (23, '08b0054d03f1b533', '526', '38.80.154.199', NULL, NULL, NULL, NULL, 283, '2025-09-23 20:34:22');
INSERT OR REPLACE INTO respondents (id, respondent_hash, browser, device, ip_address, user_agent, first_response_date, last_response_date, total_responses, created_at) VALUES (24, '89218132f93a4ac5', '145', '38.80.154.199', NULL, NULL, NULL, NULL, 283, '2025-09-23 20:34:22');
INSERT OR REPLACE INTO respondents (id, respondent_hash, browser, device, ip_address, user_agent, first_response_date, last_response_date, total_responses, created_at) VALUES (26, '40e5c3391e78788f', 'Firefox', 'Desktop', NULL, NULL, '2025-09-15 13:26:18', '2025-09-15 13:26:18', 507, '2025-09-23 20:34:22');
INSERT OR REPLACE INTO respondents (id, respondent_hash, browser, device, ip_address, user_agent, first_response_date, last_response_date, total_responses, created_at) VALUES (27, '499bd491f9d853a3', '84', '38.80.154.199', NULL, NULL, NULL, NULL, 224, '2025-09-23 20:34:22');
INSERT OR REPLACE INTO respondents (id, respondent_hash, browser, device, ip_address, user_agent, first_response_date, last_response_date, total_responses, created_at) VALUES (28, 'c868d164c2ed6fbc', '85', '38.80.154.199', NULL, NULL, NULL, NULL, 223, '2025-09-23 20:34:22');
INSERT OR REPLACE INTO respondents (id, respondent_hash, browser, device, ip_address, user_agent, first_response_date, last_response_date, total_responses, created_at) VALUES (29, '621c566b33761c19', '140', '38.80.154.199', NULL, NULL, NULL, NULL, 223, '2025-09-23 20:34:22');
INSERT OR REPLACE INTO respondents (id, respondent_hash, browser, device, ip_address, user_agent, first_response_date, last_response_date, total_responses, created_at) VALUES (30, '5ebf5467323a5015', '65', '38.80.154.199', NULL, NULL, NULL, NULL, 223, '2025-09-23 20:34:22');
INSERT OR REPLACE INTO respondents (id, respondent_hash, browser, device, ip_address, user_agent, first_response_date, last_response_date, total_responses, created_at) VALUES (31, '9b3e4b91270ccaad', '99', '38.80.154.199', NULL, NULL, NULL, NULL, 223, '2025-09-23 20:34:22');
INSERT OR REPLACE INTO respondents (id, respondent_hash, browser, device, ip_address, user_agent, first_response_date, last_response_date, total_responses, created_at) VALUES (34, '1733c455029a34a6', '70', '38.80.154.199', NULL, NULL, NULL, NULL, 284, '2025-09-23 20:34:22');

-- Table: survey_responses
CREATE TABLE survey_responses (
                id INTEGER PRIMARY KEY AUTOINCREMENT,
                survey_id INTEGER NOT NULL,
                respondent_id INTEGER NOT NULL,
                response_date TIMESTAMP NOT NULL,
                completion_status TEXT DEFAULT 'complete',
                response_duration_seconds INTEGER,
                source_row_id INTEGER,
                created_at TIMESTAMP DEFAULT CURRENT_TIMESTAMP,
                FOREIGN KEY (survey_id) REFERENCES surveys (id),
                FOREIGN KEY (respondent_id) REFERENCES respondents (id),
                FOREIGN KEY (source_row_id) REFERENCES raw_data (id)
            );

-- Data for survey_responses (41 rows)
INSERT OR REPLACE INTO survey_responses (id, survey_id, respondent_id, response_date, completion_status, response_duration_seconds, source_row_id, created_at) VALUES (1, 1, 1, '2025-09-16 16:09:21', 'complete', NULL, 1, '2025-09-23 20:34:22');
INSERT OR REPLACE INTO survey_responses (id, survey_id, respondent_id, response_date, completion_status, response_duration_seconds, source_row_id, created_at) VALUES (2, 1, 2, '2025-09-16 20:41:02', 'complete', NULL, 2, '2025-09-23 20:34:22');
INSERT OR REPLACE INTO survey_responses (id, survey_id, respondent_id, response_date, completion_status, response_duration_seconds, source_row_id, created_at) VALUES (3, 2, 3, '2025-09-15 15:26:09', 'complete', NULL, 3, '2025-09-23 20:34:22');
INSERT OR REPLACE INTO survey_responses (id, survey_id, respondent_id, response_date, completion_status, response_duration_seconds, source_row_id, created_at) VALUES (4, 2, 3, '2025-09-15 15:31:06', 'complete', NULL, 4, '2025-09-23 20:34:22');
INSERT OR REPLACE INTO survey_responses (id, survey_id, respondent_id, response_date, completion_status, response_duration_seconds, source_row_id, created_at) VALUES (5, 2, 3, '2025-09-15 15:42:44', 'complete', NULL, 5, '2025-09-23 20:34:22');
INSERT OR REPLACE INTO survey_responses (id, survey_id, respondent_id, response_date, completion_status, response_duration_seconds, source_row_id, created_at) VALUES (6, 2, 2, '2025-09-16 05:33:29', 'complete', NULL, 6, '2025-09-23 20:34:22');
INSERT OR REPLACE INTO survey_responses (id, survey_id, respondent_id, response_date, completion_status, response_duration_seconds, source_row_id, created_at) VALUES (7, 2, 1, '2025-09-16 08:24:19', 'complete', NULL, 7, '2025-09-23 20:34:22');
INSERT OR REPLACE INTO survey_responses (id, survey_id, respondent_id, response_date, completion_status, response_duration_seconds, source_row_id, created_at) VALUES (8, 2, 2, '2025-09-16 08:30:59', 'complete', NULL, 8, '2025-09-23 20:34:22');
INSERT OR REPLACE INTO survey_responses (id, survey_id, respondent_id, response_date, completion_status, response_duration_seconds, source_row_id, created_at) VALUES (9, 2, 2, '2025-09-16 10:21:11', 'complete', NULL, 9, '2025-09-23 20:34:22');
INSERT OR REPLACE INTO survey_responses (id, survey_id, respondent_id, response_date, completion_status, response_duration_seconds, source_row_id, created_at) VALUES (10, 2, 2, '2025-09-16 14:12:42', 'complete', NULL, 10, '2025-09-23 20:34:22');
INSERT OR REPLACE INTO survey_responses (id, survey_id, respondent_id, response_date, completion_status, response_duration_seconds, source_row_id, created_at) VALUES (11, 2, 2, '2025-09-16 14:18:09', 'complete', NULL, 11, '2025-09-23 20:34:22');
INSERT OR REPLACE INTO survey_responses (id, survey_id, respondent_id, response_date, completion_status, response_duration_seconds, source_row_id, created_at) VALUES (12, 2, 12, '2025-09-17 09:35:09', 'complete', NULL, 12, '2025-09-23 20:34:22');
INSERT OR REPLACE INTO survey_responses (id, survey_id, respondent_id, response_date, completion_status, response_duration_seconds, source_row_id, created_at) VALUES (13, 2, 13, '2025-09-17 11:10:24', 'complete', NULL, 13, '2025-09-23 20:34:22');
INSERT OR REPLACE INTO survey_responses (id, survey_id, respondent_id, response_date, completion_status, response_duration_seconds, source_row_id, created_at) VALUES (14, 2, 14, '2025-09-18 09:58:29', 'complete', NULL, 14, '2025-09-23 20:34:22');
INSERT OR REPLACE INTO survey_responses (id, survey_id, respondent_id, response_date, completion_status, response_duration_seconds, source_row_id, created_at) VALUES (15, 2, 14, '2025-09-18 20:23:39', 'complete', NULL, 15, '2025-09-23 20:34:22');
INSERT OR REPLACE INTO survey_responses (id, survey_id, respondent_id, response_date, completion_status, response_duration_seconds, source_row_id, created_at) VALUES (16, 2, 16, '2025-09-19 09:27:05', 'complete', NULL, 16, '2025-09-23 20:34:22');
INSERT OR REPLACE INTO survey_responses (id, survey_id, respondent_id, response_date, completion_status, response_duration_seconds, source_row_id, created_at) VALUES (17, 2, 16, '2025-09-19 10:21:25', 'complete', NULL, 17, '2025-09-23 20:34:22');
INSERT OR REPLACE INTO survey_responses (id, survey_id, respondent_id, response_date, completion_status, response_duration_seconds, source_row_id, created_at) VALUES (18, 2, 16, '2025-09-19 17:01:18', 'complete', NULL, 18, '2025-09-23 20:34:22');
INSERT OR REPLACE INTO survey_responses (id, survey_id, respondent_id, response_date, completion_status, response_duration_seconds, source_row_id, created_at) VALUES (19, 2, 19, '2025-09-22 12:40:57', 'complete', NULL, 19, '2025-09-23 20:34:22');
INSERT OR REPLACE INTO survey_responses (id, survey_id, respondent_id, response_date, completion_status, response_duration_seconds, source_row_id, created_at) VALUES (25, 1, 1, '2025-09-16 16:09:21', 'complete', NULL, 1, '2025-09-23 21:14:49');
INSERT OR REPLACE INTO survey_responses (id, survey_id, respondent_id, response_date, completion_status, response_duration_seconds, source_row_id, created_at) VALUES (26, 1, 2, '2025-09-16 20:41:02', 'complete', NULL, 2, '2025-09-23 21:14:49');
INSERT OR REPLACE INTO survey_responses (id, survey_id, respondent_id, response_date, completion_status, response_duration_seconds, source_row_id, created_at) VALUES (28, 2, 3, '2025-09-15 15:26:09', 'complete', NULL, 3, '2025-09-23 21:14:49');
INSERT OR REPLACE INTO survey_responses (id, survey_id, respondent_id, response_date, completion_status, response_duration_seconds, source_row_id, created_at) VALUES (29, 2, 3, '2025-09-15 15:31:06', 'complete', NULL, 4, '2025-09-23 21:14:49');
INSERT OR REPLACE INTO survey_responses (id, survey_id, respondent_id, response_date, completion_status, response_duration_seconds, source_row_id, created_at) VALUES (30, 2, 3, '2025-09-15 15:42:44', 'complete', NULL, 5, '2025-09-23 21:14:49');
INSERT OR REPLACE INTO survey_responses (id, survey_id, respondent_id, response_date, completion_status, response_duration_seconds, source_row_id, created_at) VALUES (31, 2, 2, '2025-09-16 05:33:29', 'complete', NULL, 6, '2025-09-23 21:14:49');
INSERT OR REPLACE INTO survey_responses (id, survey_id, respondent_id, response_date, completion_status, response_duration_seconds, source_row_id, created_at) VALUES (32, 2, 1, '2025-09-16 08:24:19', 'complete', NULL, 7, '2025-09-23 21:14:49');
INSERT OR REPLACE INTO survey_responses (id, survey_id, respondent_id, response_date, completion_status, response_duration_seconds, source_row_id, created_at) VALUES (33, 2, 2, '2025-09-16 08:30:59', 'complete', NULL, 8, '2025-09-23 21:14:49');
INSERT OR REPLACE INTO survey_responses (id, survey_id, respondent_id, response_date, completion_status, response_duration_seconds, source_row_id, created_at) VALUES (34, 2, 2, '2025-09-16 10:21:11', 'complete', NULL, 9, '2025-09-23 21:14:49');
INSERT OR REPLACE INTO survey_responses (id, survey_id, respondent_id, response_date, completion_status, response_duration_seconds, source_row_id, created_at) VALUES (35, 2, 2, '2025-09-16 14:12:42', 'complete', NULL, 10, '2025-09-23 21:14:49');
INSERT OR REPLACE INTO survey_responses (id, survey_id, respondent_id, response_date, completion_status, response_duration_seconds, source_row_id, created_at) VALUES (36, 2, 2, '2025-09-16 14:18:09', 'complete', NULL, 11, '2025-09-23 21:14:49');
INSERT OR REPLACE INTO survey_responses (id, survey_id, respondent_id, response_date, completion_status, response_duration_seconds, source_row_id, created_at) VALUES (37, 2, 12, '2025-09-17 09:35:09', 'complete', NULL, 12, '2025-09-23 21:14:49');
INSERT OR REPLACE INTO survey_responses (id, survey_id, respondent_id, response_date, completion_status, response_duration_seconds, source_row_id, created_at) VALUES (38, 2, 13, '2025-09-17 11:10:24', 'complete', NULL, 13, '2025-09-23 21:14:49');
INSERT OR REPLACE INTO survey_responses (id, survey_id, respondent_id, response_date, completion_status, response_duration_seconds, source_row_id, created_at) VALUES (39, 2, 14, '2025-09-18 09:58:29', 'complete', NULL, 14, '2025-09-23 21:14:49');
INSERT OR REPLACE INTO survey_responses (id, survey_id, respondent_id, response_date, completion_status, response_duration_seconds, source_row_id, created_at) VALUES (40, 2, 14, '2025-09-18 20:23:39', 'complete', NULL, 15, '2025-09-23 21:14:49');
INSERT OR REPLACE INTO survey_responses (id, survey_id, respondent_id, response_date, completion_status, response_duration_seconds, source_row_id, created_at) VALUES (41, 2, 16, '2025-09-19 09:27:05', 'complete', NULL, 16, '2025-09-23 21:14:49');
INSERT OR REPLACE INTO survey_responses (id, survey_id, respondent_id, response_date, completion_status, response_duration_seconds, source_row_id, created_at) VALUES (42, 2, 16, '2025-09-19 10:21:25', 'complete', NULL, 17, '2025-09-23 21:14:49');
INSERT OR REPLACE INTO survey_responses (id, survey_id, respondent_id, response_date, completion_status, response_duration_seconds, source_row_id, created_at) VALUES (43, 2, 16, '2025-09-19 17:01:18', 'complete', NULL, 18, '2025-09-23 21:14:49');
INSERT OR REPLACE INTO survey_responses (id, survey_id, respondent_id, response_date, completion_status, response_duration_seconds, source_row_id, created_at) VALUES (44, 2, 19, '2025-09-22 12:40:57', 'complete', NULL, 19, '2025-09-23 21:14:49');
INSERT OR REPLACE INTO survey_responses (id, survey_id, respondent_id, response_date, completion_status, response_duration_seconds, source_row_id, created_at) VALUES (825, 821, 1, '2025-09-16 15:41:54', 'complete', NULL, 33, '2025-09-24 19:57:23');
INSERT OR REPLACE INTO survey_responses (id, survey_id, respondent_id, response_date, completion_status, response_duration_seconds, source_row_id, created_at) VALUES (826, 822, 26, '2025-09-15 13:21:31', 'complete', NULL, 45, '2025-09-24 19:57:23');
INSERT OR REPLACE INTO survey_responses (id, survey_id, respondent_id, response_date, completion_status, response_duration_seconds, source_row_id, created_at) VALUES (827, 823, 26, '2025-09-15 13:26:18', 'complete', NULL, 38, '2025-09-24 19:57:23');

-- Table: survey_answers
CREATE TABLE survey_answers (
                id INTEGER PRIMARY KEY AUTOINCREMENT,
                response_id INTEGER NOT NULL,
                question_id INTEGER NOT NULL,
                answer_text TEXT,
                answer_numeric REAL,
                answer_boolean BOOLEAN,
                answer_date TIMESTAMP,
                is_empty BOOLEAN DEFAULT 0,
                created_at TIMESTAMP DEFAULT CURRENT_TIMESTAMP,
                FOREIGN KEY (response_id) REFERENCES survey_responses (id),
                FOREIGN KEY (question_id) REFERENCES survey_questions (id),
                UNIQUE(response_id, question_id)
            );

-- Data for survey_answers (1050 rows)
INSERT OR REPLACE INTO survey_answers (id, response_id, question_id, answer_text, answer_numeric, answer_boolean, answer_date, is_empty, created_at) VALUES (1, 1, 1, NULL, NULL, NULL, NULL, 1, '2025-09-23 20:34:22');
INSERT OR REPLACE INTO survey_answers (id, response_id, question_id, answer_text, answer_numeric, answer_boolean, answer_date, is_empty, created_at) VALUES (2, 1, 2, NULL, NULL, NULL, NULL, 1, '2025-09-23 20:34:22');
INSERT OR REPLACE INTO survey_answers (id, response_id, question_id, answer_text, answer_numeric, answer_boolean, answer_date, is_empty, created_at) VALUES (3, 1, 3, NULL, NULL, NULL, NULL, 1, '2025-09-23 20:34:22');
INSERT OR REPLACE INTO survey_answers (id, response_id, question_id, answer_text, answer_numeric, answer_boolean, answer_date, is_empty, created_at) VALUES (4, 1, 4, NULL, NULL, NULL, NULL, 1, '2025-09-23 20:34:22');
INSERT OR REPLACE INTO survey_answers (id, response_id, question_id, answer_text, answer_numeric, answer_boolean, answer_date, is_empty, created_at) VALUES (5, 1, 5, NULL, NULL, NULL, NULL, 1, '2025-09-23 20:34:22');
INSERT OR REPLACE INTO survey_answers (id, response_id, question_id, answer_text, answer_numeric, answer_boolean, answer_date, is_empty, created_at) VALUES (6, 1, 6, 'Tableau', NULL, NULL, NULL, 0, '2025-09-23 20:34:22');
INSERT OR REPLACE INTO survey_answers (id, response_id, question_id, answer_text, answer_numeric, answer_boolean, answer_date, is_empty, created_at) VALUES (7, 1, 7, '0', 0.0, 0, NULL, 0, '2025-09-23 20:34:22');
INSERT OR REPLACE INTO survey_answers (id, response_id, question_id, answer_text, answer_numeric, answer_boolean, answer_date, is_empty, created_at) VALUES (8, 1, 8, '2026', 2026.0, NULL, NULL, 0, '2025-09-23 20:34:22');
INSERT OR REPLACE INTO survey_answers (id, response_id, question_id, answer_text, answer_numeric, answer_boolean, answer_date, is_empty, created_at) VALUES (9, 1, 9, '4', 4.0, NULL, NULL, 0, '2025-09-23 20:34:22');
INSERT OR REPLACE INTO survey_answers (id, response_id, question_id, answer_text, answer_numeric, answer_boolean, answer_date, is_empty, created_at) VALUES (10, 1, 10, '2', 2.0, NULL, NULL, 0, '2025-09-23 20:34:22');
INSERT OR REPLACE INTO survey_answers (id, response_id, question_id, answer_text, answer_numeric, answer_boolean, answer_date, is_empty, created_at) VALUES (11, 1, 11, '100,000', NULL, NULL, NULL, 0, '2025-09-23 20:34:22');
INSERT OR REPLACE INTO survey_answers (id, response_id, question_id, answer_text, answer_numeric, answer_boolean, answer_date, is_empty, created_at) VALUES (12, 1, 12, '6', 6.0, NULL, NULL, 0, '2025-09-23 20:34:22');
INSERT OR REPLACE INTO survey_answers (id, response_id, question_id, answer_text, answer_numeric, answer_boolean, answer_date, is_empty, created_at) VALUES (13, 1, 13, '2026', 2026.0, NULL, NULL, 0, '2025-09-23 20:34:22');
INSERT OR REPLACE INTO survey_answers (id, response_id, question_id, answer_text, answer_numeric, answer_boolean, answer_date, is_empty, created_at) VALUES (14, 1, 14, 'Salesforce', NULL, NULL, NULL, 0, '2025-09-23 20:34:22');
INSERT OR REPLACE INTO survey_answers (id, response_id, question_id, answer_text, answer_numeric, answer_boolean, answer_date, is_empty, created_at) VALUES (15, 1, 15, '2', 2.0, NULL, NULL, 0, '2025-09-23 20:34:22');
INSERT OR REPLACE INTO survey_answers (id, response_id, question_id, answer_text, answer_numeric, answer_boolean, answer_date, is_empty, created_at) VALUES (16, 1, 16, '28', 28.0, NULL, NULL, 0, '2025-09-23 20:34:22');
INSERT OR REPLACE INTO survey_answers (id, response_id, question_id, answer_text, answer_numeric, answer_boolean, answer_date, is_empty, created_at) VALUES (17, 1, 17, '0', 0.0, 0, NULL, 0, '2025-09-23 20:34:22');
INSERT OR REPLACE INTO survey_answers (id, response_id, question_id, answer_text, answer_numeric, answer_boolean, answer_date, is_empty, created_at) VALUES (18, 1, 18, '2025', 2025.0, NULL, NULL, 0, '2025-09-23 20:34:22');
INSERT OR REPLACE INTO survey_answers (id, response_id, question_id, answer_text, answer_numeric, answer_boolean, answer_date, is_empty, created_at) VALUES (19, 1, 19, 'Slack', NULL, NULL, NULL, 0, '2025-09-23 20:34:22');
INSERT OR REPLACE INTO survey_answers (id, response_id, question_id, answer_text, answer_numeric, answer_boolean, answer_date, is_empty, created_at) VALUES (20, 1, 20, '4', 4.0, NULL, NULL, 0, '2025-09-23 20:34:22');
INSERT OR REPLACE INTO survey_answers (id, response_id, question_id, answer_text, answer_numeric, answer_boolean, answer_date, is_empty, created_at) VALUES (21, 1, 21, '28', 28.0, NULL, NULL, 0, '2025-09-23 20:34:22');
INSERT OR REPLACE INTO survey_answers (id, response_id, question_id, answer_text, answer_numeric, answer_boolean, answer_date, is_empty, created_at) VALUES (22, 1, 22, NULL, NULL, NULL, NULL, 1, '2025-09-23 20:34:22');
INSERT OR REPLACE INTO survey_answers (id, response_id, question_id, answer_text, answer_numeric, answer_boolean, answer_date, is_empty, created_at) VALUES (23, 1, 23, NULL, NULL, NULL, NULL, 1, '2025-09-23 20:34:22');
INSERT OR REPLACE INTO survey_answers (id, response_id, question_id, answer_text, answer_numeric, answer_boolean, answer_date, is_empty, created_at) VALUES (24, 1, 24, NULL, NULL, NULL, NULL, 1, '2025-09-23 20:34:22');
INSERT OR REPLACE INTO survey_answers (id, response_id, question_id, answer_text, answer_numeric, answer_boolean, answer_date, is_empty, created_at) VALUES (25, 1, 25, NULL, NULL, NULL, NULL, 1, '2025-09-23 20:34:22');
INSERT OR REPLACE INTO survey_answers (id, response_id, question_id, answer_text, answer_numeric, answer_boolean, answer_date, is_empty, created_at) VALUES (26, 1, 26, NULL, NULL, NULL, NULL, 1, '2025-09-23 20:34:22');
INSERT OR REPLACE INTO survey_answers (id, response_id, question_id, answer_text, answer_numeric, answer_boolean, answer_date, is_empty, created_at) VALUES (27, 1, 27, '2', 2.0, NULL, NULL, 0, '2025-09-23 20:34:22');
INSERT OR REPLACE INTO survey_answers (id, response_id, question_id, answer_text, answer_numeric, answer_boolean, answer_date, is_empty, created_at) VALUES (28, 1, 28, '2', 2.0, NULL, NULL, 0, '2025-09-23 20:34:22');
INSERT OR REPLACE INTO survey_answers (id, response_id, question_id, answer_text, answer_numeric, answer_boolean, answer_date, is_empty, created_at) VALUES (29, 1, 29, 'S', NULL, NULL, NULL, 0, '2025-09-23 20:34:22');
INSERT OR REPLACE INTO survey_answers (id, response_id, question_id, answer_text, answer_numeric, answer_boolean, answer_date, is_empty, created_at) VALUES (30, 1, 30, '2', 2.0, NULL, NULL, 0, '2025-09-23 20:34:22');
INSERT OR REPLACE INTO survey_answers (id, response_id, question_id, answer_text, answer_numeric, answer_boolean, answer_date, is_empty, created_at) VALUES (31, 1, 31, '2', 2.0, NULL, NULL, 0, '2025-09-23 20:34:22');
INSERT OR REPLACE INTO survey_answers (id, response_id, question_id, answer_text, answer_numeric, answer_boolean, answer_date, is_empty, created_at) VALUES (32, 1, 32, '133', 133.0, NULL, NULL, 0, '2025-09-23 20:34:22');
INSERT OR REPLACE INTO survey_answers (id, response_id, question_id, answer_text, answer_numeric, answer_boolean, answer_date, is_empty, created_at) VALUES (33, 1, 33, '2', 2.0, NULL, NULL, 0, '2025-09-23 20:34:22');
INSERT OR REPLACE INTO survey_answers (id, response_id, question_id, answer_text, answer_numeric, answer_boolean, answer_date, is_empty, created_at) VALUES (34, 1, 34, '2', 2.0, NULL, NULL, 0, '2025-09-23 20:34:22');
INSERT OR REPLACE INTO survey_answers (id, response_id, question_id, answer_text, answer_numeric, answer_boolean, answer_date, is_empty, created_at) VALUES (35, 1, 35, 's', NULL, NULL, NULL, 0, '2025-09-23 20:34:22');
INSERT OR REPLACE INTO survey_answers (id, response_id, question_id, answer_text, answer_numeric, answer_boolean, answer_date, is_empty, created_at) VALUES (36, 1, 36, '2', 2.0, NULL, NULL, 0, '2025-09-23 20:34:22');
INSERT OR REPLACE INTO survey_answers (id, response_id, question_id, answer_text, answer_numeric, answer_boolean, answer_date, is_empty, created_at) VALUES (37, 1, 37, '2', 2.0, NULL, NULL, 0, '2025-09-23 20:34:22');
INSERT OR REPLACE INTO survey_answers (id, response_id, question_id, answer_text, answer_numeric, answer_boolean, answer_date, is_empty, created_at) VALUES (38, 1, 38, 'jess@leadingedge.org', NULL, NULL, NULL, 0, '2025-09-23 20:34:22');
INSERT OR REPLACE INTO survey_answers (id, response_id, question_id, answer_text, answer_numeric, answer_boolean, answer_date, is_empty, created_at) VALUES (39, 1, 39, 'none', NULL, NULL, NULL, 0, '2025-09-23 20:34:22');
INSERT OR REPLACE INTO survey_answers (id, response_id, question_id, answer_text, answer_numeric, answer_boolean, answer_date, is_empty, created_at) VALUES (40, 1, 40, '5', 5.0, NULL, NULL, 0, '2025-09-23 20:34:22');
INSERT OR REPLACE INTO survey_answers (id, response_id, question_id, answer_text, answer_numeric, answer_boolean, answer_date, is_empty, created_at) VALUES (41, 1, 41, '4', 4.0, NULL, NULL, 0, '2025-09-23 20:34:22');
INSERT OR REPLACE INTO survey_answers (id, response_id, question_id, answer_text, answer_numeric, answer_boolean, answer_date, is_empty, created_at) VALUES (42, 1, 42, 'f', NULL, NULL, NULL, 0, '2025-09-23 20:34:22');
INSERT OR REPLACE INTO survey_answers (id, response_id, question_id, answer_text, answer_numeric, answer_boolean, answer_date, is_empty, created_at) VALUES (43, 1, 43, '4', 4.0, NULL, NULL, 0, '2025-09-23 20:34:22');
INSERT OR REPLACE INTO survey_answers (id, response_id, question_id, answer_text, answer_numeric, answer_boolean, answer_date, is_empty, created_at) VALUES (44, 1, 44, '5', 5.0, NULL, NULL, 0, '2025-09-23 20:34:22');
INSERT OR REPLACE INTO survey_answers (id, response_id, question_id, answer_text, answer_numeric, answer_boolean, answer_date, is_empty, created_at) VALUES (45, 1, 45, '2', 2.0, NULL, NULL, 0, '2025-09-23 20:34:22');
INSERT OR REPLACE INTO survey_answers (id, response_id, question_id, answer_text, answer_numeric, answer_boolean, answer_date, is_empty, created_at) VALUES (46, 1, 46, '2', 2.0, NULL, NULL, 0, '2025-09-23 20:34:22');
INSERT OR REPLACE INTO survey_answers (id, response_id, question_id, answer_text, answer_numeric, answer_boolean, answer_date, is_empty, created_at) VALUES (47, 1, 47, 's', NULL, NULL, NULL, 0, '2025-09-23 20:34:22');
INSERT OR REPLACE INTO survey_answers (id, response_id, question_id, answer_text, answer_numeric, answer_boolean, answer_date, is_empty, created_at) VALUES (48, 1, 48, '2', 2.0, NULL, NULL, 0, '2025-09-23 20:34:22');
INSERT OR REPLACE INTO survey_answers (id, response_id, question_id, answer_text, answer_numeric, answer_boolean, answer_date, is_empty, created_at) VALUES (49, 1, 49, '2', 2.0, NULL, NULL, 0, '2025-09-23 20:34:22');
INSERT OR REPLACE INTO survey_answers (id, response_id, question_id, answer_text, answer_numeric, answer_boolean, answer_date, is_empty, created_at) VALUES (50, 1, 50, '2025-09-16 16:09:21', NULL, NULL, NULL, 0, '2025-09-23 20:34:22');
INSERT OR REPLACE INTO survey_answers (id, response_id, question_id, answer_text, answer_numeric, answer_boolean, answer_date, is_empty, created_at) VALUES (51, 1, 51, 'Jess', NULL, NULL, NULL, 0, '2025-09-23 20:34:22');
INSERT OR REPLACE INTO survey_answers (id, response_id, question_id, answer_text, answer_numeric, answer_boolean, answer_date, is_empty, created_at) VALUES (52, 1, 52, '4', 4.0, NULL, NULL, 0, '2025-09-23 20:34:22');
INSERT OR REPLACE INTO survey_answers (id, response_id, question_id, answer_text, answer_numeric, answer_boolean, answer_date, is_empty, created_at) VALUES (53, 1, 53, '3', 3.0, NULL, NULL, 0, '2025-09-23 20:34:22');
INSERT OR REPLACE INTO survey_answers (id, response_id, question_id, answer_text, answer_numeric, answer_boolean, answer_date, is_empty, created_at) VALUES (54, 1, 54, 'f', NULL, NULL, NULL, 0, '2025-09-23 20:34:22');
INSERT OR REPLACE INTO survey_answers (id, response_id, question_id, answer_text, answer_numeric, answer_boolean, answer_date, is_empty, created_at) VALUES (55, 1, 55, '6', 6.0, NULL, NULL, 0, '2025-09-23 20:34:22');
INSERT OR REPLACE INTO survey_answers (id, response_id, question_id, answer_text, answer_numeric, answer_boolean, answer_date, is_empty, created_at) VALUES (56, 1, 56, '6', 6.0, NULL, NULL, 0, '2025-09-23 20:34:22');
INSERT OR REPLACE INTO survey_answers (id, response_id, question_id, answer_text, answer_numeric, answer_boolean, answer_date, is_empty, created_at) VALUES (57, 1, 57, '2', 2.0, NULL, NULL, 0, '2025-09-23 20:34:22');
INSERT OR REPLACE INTO survey_answers (id, response_id, question_id, answer_text, answer_numeric, answer_boolean, answer_date, is_empty, created_at) VALUES (58, 1, 58, '2', 2.0, NULL, NULL, 0, '2025-09-23 20:34:22');
INSERT OR REPLACE INTO survey_answers (id, response_id, question_id, answer_text, answer_numeric, answer_boolean, answer_date, is_empty, created_at) VALUES (59, 1, 59, '2', 2.0, NULL, NULL, 0, '2025-09-23 20:34:22');
INSERT OR REPLACE INTO survey_answers (id, response_id, question_id, answer_text, answer_numeric, answer_boolean, answer_date, is_empty, created_at) VALUES (60, 1, 60, '2', 2.0, NULL, NULL, 0, '2025-09-23 20:34:22');
INSERT OR REPLACE INTO survey_answers (id, response_id, question_id, answer_text, answer_numeric, answer_boolean, answer_date, is_empty, created_at) VALUES (61, 1, 61, 'Trinet', NULL, NULL, NULL, 0, '2025-09-23 20:34:22');
INSERT OR REPLACE INTO survey_answers (id, response_id, question_id, answer_text, answer_numeric, answer_boolean, answer_date, is_empty, created_at) VALUES (62, 1, 62, NULL, NULL, NULL, NULL, 1, '2025-09-23 20:34:22');
INSERT OR REPLACE INTO survey_answers (id, response_id, question_id, answer_text, answer_numeric, answer_boolean, answer_date, is_empty, created_at) VALUES (63, 1, 63, '2', 2.0, NULL, NULL, 0, '2025-09-23 20:34:22');
INSERT OR REPLACE INTO survey_answers (id, response_id, question_id, answer_text, answer_numeric, answer_boolean, answer_date, is_empty, created_at) VALUES (64, 1, 64, NULL, NULL, NULL, NULL, 1, '2025-09-23 20:34:22');
INSERT OR REPLACE INTO survey_answers (id, response_id, question_id, answer_text, answer_numeric, answer_boolean, answer_date, is_empty, created_at) VALUES (65, 1, 65, 'j', NULL, NULL, NULL, 0, '2025-09-23 20:34:22');
INSERT OR REPLACE INTO survey_answers (id, response_id, question_id, answer_text, answer_numeric, answer_boolean, answer_date, is_empty, created_at) VALUES (66, 1, 66, NULL, NULL, NULL, NULL, 1, '2025-09-23 20:34:22');
INSERT OR REPLACE INTO survey_answers (id, response_id, question_id, answer_text, answer_numeric, answer_boolean, answer_date, is_empty, created_at) VALUES (67, 1, 67, '5', 5.0, NULL, NULL, 0, '2025-09-23 20:34:22');
INSERT OR REPLACE INTO survey_answers (id, response_id, question_id, answer_text, answer_numeric, answer_boolean, answer_date, is_empty, created_at) VALUES (68, 1, 68, 'Leading Edge', NULL, NULL, NULL, 0, '2025-09-23 20:34:22');
INSERT OR REPLACE INTO survey_answers (id, response_id, question_id, answer_text, answer_numeric, answer_boolean, answer_date, is_empty, created_at) VALUES (69, 1, 69, NULL, NULL, NULL, NULL, 1, '2025-09-23 20:34:22');
INSERT OR REPLACE INTO survey_answers (id, response_id, question_id, answer_text, answer_numeric, answer_boolean, answer_date, is_empty, created_at) VALUES (70, 1, 70, NULL, NULL, NULL, NULL, 1, '2025-09-23 20:34:22');
INSERT OR REPLACE INTO survey_answers (id, response_id, question_id, answer_text, answer_numeric, answer_boolean, answer_date, is_empty, created_at) VALUES (71, 1, 71, NULL, NULL, NULL, NULL, 1, '2025-09-23 20:34:22');
INSERT OR REPLACE INTO survey_answers (id, response_id, question_id, answer_text, answer_numeric, answer_boolean, answer_date, is_empty, created_at) VALUES (72, 1, 72, NULL, NULL, NULL, NULL, 1, '2025-09-23 20:34:22');
INSERT OR REPLACE INTO survey_answers (id, response_id, question_id, answer_text, answer_numeric, answer_boolean, answer_date, is_empty, created_at) VALUES (73, 1, 73, NULL, NULL, NULL, NULL, 1, '2025-09-23 20:34:22');
INSERT OR REPLACE INTO survey_answers (id, response_id, question_id, answer_text, answer_numeric, answer_boolean, answer_date, is_empty, created_at) VALUES (74, 1, 74, '5', 5.0, NULL, NULL, 0, '2025-09-23 20:34:22');
INSERT OR REPLACE INTO survey_answers (id, response_id, question_id, answer_text, answer_numeric, answer_boolean, answer_date, is_empty, created_at) VALUES (75, 1, 75, '2027', 2027.0, NULL, NULL, 0, '2025-09-23 20:34:22');
INSERT OR REPLACE INTO survey_answers (id, response_id, question_id, answer_text, answer_numeric, answer_boolean, answer_date, is_empty, created_at) VALUES (76, 1, 76, 'Microsoft 365', NULL, NULL, NULL, 0, '2025-09-23 20:34:22');
INSERT OR REPLACE INTO survey_answers (id, response_id, question_id, answer_text, answer_numeric, answer_boolean, answer_date, is_empty, created_at) VALUES (77, 1, 77, '3', 3.0, NULL, NULL, 0, '2025-09-23 20:34:22');
INSERT OR REPLACE INTO survey_answers (id, response_id, question_id, answer_text, answer_numeric, answer_boolean, answer_date, is_empty, created_at) VALUES (78, 1, 78, '28', 28.0, NULL, NULL, 0, '2025-09-23 20:34:22');
INSERT OR REPLACE INTO survey_answers (id, response_id, question_id, answer_text, answer_numeric, answer_boolean, answer_date, is_empty, created_at) VALUES (79, 1, 79, '16749275', 16749275.0, NULL, NULL, 0, '2025-09-23 20:34:22');
INSERT OR REPLACE INTO survey_answers (id, response_id, question_id, answer_text, answer_numeric, answer_boolean, answer_date, is_empty, created_at) VALUES (80, 1, 80, 'N/A', NULL, NULL, NULL, 0, '2025-09-23 20:34:22');
INSERT OR REPLACE INTO survey_answers (id, response_id, question_id, answer_text, answer_numeric, answer_boolean, answer_date, is_empty, created_at) VALUES (81, 1, 81, 'Manager', NULL, NULL, NULL, 0, '2025-09-23 20:34:22');
INSERT OR REPLACE INTO survey_answers (id, response_id, question_id, answer_text, answer_numeric, answer_boolean, answer_date, is_empty, created_at) VALUES (82, 1, 82, NULL, NULL, NULL, NULL, 1, '2025-09-23 20:34:22');
INSERT OR REPLACE INTO survey_answers (id, response_id, question_id, answer_text, answer_numeric, answer_boolean, answer_date, is_empty, created_at) VALUES (83, 1, 83, NULL, NULL, NULL, NULL, 1, '2025-09-23 20:34:22');
INSERT OR REPLACE INTO survey_answers (id, response_id, question_id, answer_text, answer_numeric, answer_boolean, answer_date, is_empty, created_at) VALUES (84, 1, 84, NULL, NULL, NULL, NULL, 1, '2025-09-23 20:34:22');
INSERT OR REPLACE INTO survey_answers (id, response_id, question_id, answer_text, answer_numeric, answer_boolean, answer_date, is_empty, created_at) VALUES (85, 1, 85, NULL, NULL, NULL, NULL, 1, '2025-09-23 20:34:22');
INSERT OR REPLACE INTO survey_answers (id, response_id, question_id, answer_text, answer_numeric, answer_boolean, answer_date, is_empty, created_at) VALUES (86, 1, 86, NULL, NULL, NULL, NULL, 1, '2025-09-23 20:34:22');
INSERT OR REPLACE INTO survey_answers (id, response_id, question_id, answer_text, answer_numeric, answer_boolean, answer_date, is_empty, created_at) VALUES (87, 1, 87, '2025-09-16 16:07:08', NULL, NULL, NULL, 0, '2025-09-23 20:34:22');
INSERT OR REPLACE INTO survey_answers (id, response_id, question_id, answer_text, answer_numeric, answer_boolean, answer_date, is_empty, created_at) VALUES (88, 1, 88, 'Complete', NULL, NULL, NULL, 0, '2025-09-23 20:34:22');
INSERT OR REPLACE INTO survey_answers (id, response_id, question_id, answer_text, answer_numeric, answer_boolean, answer_date, is_empty, created_at) VALUES (89, 1, 89, '2', 2.0, NULL, NULL, 0, '2025-09-23 20:34:22');
INSERT OR REPLACE INTO survey_answers (id, response_id, question_id, answer_text, answer_numeric, answer_boolean, answer_date, is_empty, created_at) VALUES (90, 1, 90, '2', 2.0, NULL, NULL, 0, '2025-09-23 20:34:22');
INSERT OR REPLACE INTO survey_answers (id, response_id, question_id, answer_text, answer_numeric, answer_boolean, answer_date, is_empty, created_at) VALUES (91, 1, 91, 's', NULL, NULL, NULL, 0, '2025-09-23 20:34:22');
INSERT OR REPLACE INTO survey_answers (id, response_id, question_id, answer_text, answer_numeric, answer_boolean, answer_date, is_empty, created_at) VALUES (92, 1, 92, '2', 2.0, NULL, NULL, 0, '2025-09-23 20:34:22');
INSERT OR REPLACE INTO survey_answers (id, response_id, question_id, answer_text, answer_numeric, answer_boolean, answer_date, is_empty, created_at) VALUES (93, 1, 93, '2', 2.0, NULL, NULL, 0, '2025-09-23 20:34:22');
INSERT OR REPLACE INTO survey_answers (id, response_id, question_id, answer_text, answer_numeric, answer_boolean, answer_date, is_empty, created_at) VALUES (94, 1, 94, '73.209.29.9', NULL, NULL, NULL, 0, '2025-09-23 20:34:22');
INSERT OR REPLACE INTO survey_answers (id, response_id, question_id, answer_text, answer_numeric, answer_boolean, answer_date, is_empty, created_at) VALUES (95, 1, 95, 'none', NULL, NULL, NULL, 0, '2025-09-23 20:34:22');
INSERT OR REPLACE INTO survey_answers (id, response_id, question_id, answer_text, answer_numeric, answer_boolean, answer_date, is_empty, created_at) VALUES (96, 1, 96, NULL, NULL, NULL, NULL, 1, '2025-09-23 20:34:22');
INSERT OR REPLACE INTO survey_answers (id, response_id, question_id, answer_text, answer_numeric, answer_boolean, answer_date, is_empty, created_at) VALUES (97, 1, 97, '2', 2.0, NULL, NULL, 0, '2025-09-23 20:34:22');
INSERT OR REPLACE INTO survey_answers (id, response_id, question_id, answer_text, answer_numeric, answer_boolean, answer_date, is_empty, created_at) VALUES (98, 1, 98, 's', NULL, NULL, NULL, 0, '2025-09-23 20:34:22');
INSERT OR REPLACE INTO survey_answers (id, response_id, question_id, answer_text, answer_numeric, answer_boolean, answer_date, is_empty, created_at) VALUES (99, 1, 99, '2', 2.0, NULL, NULL, 0, '2025-09-23 20:34:22');
INSERT OR REPLACE INTO survey_answers (id, response_id, question_id, answer_text, answer_numeric, answer_boolean, answer_date, is_empty, created_at) VALUES (100, 1, 100, '2', 2.0, NULL, NULL, 0, '2025-09-23 20:34:22');
INSERT OR REPLACE INTO survey_answers (id, response_id, question_id, answer_text, answer_numeric, answer_boolean, answer_date, is_empty, created_at) VALUES (101, 1, 101, NULL, NULL, NULL, NULL, 1, '2025-09-23 20:34:22');
INSERT OR REPLACE INTO survey_answers (id, response_id, question_id, answer_text, answer_numeric, answer_boolean, answer_date, is_empty, created_at) VALUES (102, 1, 102, NULL, NULL, NULL, NULL, 1, '2025-09-23 20:34:22');
INSERT OR REPLACE INTO survey_answers (id, response_id, question_id, answer_text, answer_numeric, answer_boolean, answer_date, is_empty, created_at) VALUES (103, 1, 103, NULL, NULL, NULL, NULL, 1, '2025-09-23 20:34:22');
INSERT OR REPLACE INTO survey_answers (id, response_id, question_id, answer_text, answer_numeric, answer_boolean, answer_date, is_empty, created_at) VALUES (104, 1, 104, NULL, NULL, NULL, NULL, 1, '2025-09-23 20:34:22');
INSERT OR REPLACE INTO survey_answers (id, response_id, question_id, answer_text, answer_numeric, answer_boolean, answer_date, is_empty, created_at) VALUES (105, 1, 105, NULL, NULL, NULL, NULL, 1, '2025-09-23 20:34:22');
INSERT OR REPLACE INTO survey_answers (id, response_id, question_id, answer_text, answer_numeric, answer_boolean, answer_date, is_empty, created_at) VALUES (106, 2, 1, NULL, NULL, NULL, NULL, 1, '2025-09-23 20:34:22');
INSERT OR REPLACE INTO survey_answers (id, response_id, question_id, answer_text, answer_numeric, answer_boolean, answer_date, is_empty, created_at) VALUES (107, 2, 2, NULL, NULL, NULL, NULL, 1, '2025-09-23 20:34:22');
INSERT OR REPLACE INTO survey_answers (id, response_id, question_id, answer_text, answer_numeric, answer_boolean, answer_date, is_empty, created_at) VALUES (108, 2, 3, NULL, NULL, NULL, NULL, 1, '2025-09-23 20:34:22');
INSERT OR REPLACE INTO survey_answers (id, response_id, question_id, answer_text, answer_numeric, answer_boolean, answer_date, is_empty, created_at) VALUES (109, 2, 4, NULL, NULL, NULL, NULL, 1, '2025-09-23 20:34:22');
INSERT OR REPLACE INTO survey_answers (id, response_id, question_id, answer_text, answer_numeric, answer_boolean, answer_date, is_empty, created_at) VALUES (110, 2, 5, NULL, NULL, NULL, NULL, 1, '2025-09-23 20:34:22');
INSERT OR REPLACE INTO survey_answers (id, response_id, question_id, answer_text, answer_numeric, answer_boolean, answer_date, is_empty, created_at) VALUES (111, 2, 6, NULL, NULL, NULL, NULL, 1, '2025-09-23 20:34:22');
INSERT OR REPLACE INTO survey_answers (id, response_id, question_id, answer_text, answer_numeric, answer_boolean, answer_date, is_empty, created_at) VALUES (112, 2, 7, NULL, NULL, NULL, NULL, 1, '2025-09-23 20:34:22');
INSERT OR REPLACE INTO survey_answers (id, response_id, question_id, answer_text, answer_numeric, answer_boolean, answer_date, is_empty, created_at) VALUES (113, 2, 8, NULL, NULL, NULL, NULL, 1, '2025-09-23 20:34:22');
INSERT OR REPLACE INTO survey_answers (id, response_id, question_id, answer_text, answer_numeric, answer_boolean, answer_date, is_empty, created_at) VALUES (114, 2, 9, NULL, NULL, NULL, NULL, 1, '2025-09-23 20:34:22');
INSERT OR REPLACE INTO survey_answers (id, response_id, question_id, answer_text, answer_numeric, answer_boolean, answer_date, is_empty, created_at) VALUES (115, 2, 10, NULL, NULL, NULL, NULL, 1, '2025-09-23 20:34:22');
INSERT OR REPLACE INTO survey_answers (id, response_id, question_id, answer_text, answer_numeric, answer_boolean, answer_date, is_empty, created_at) VALUES (116, 2, 11, '12345', 12345.0, NULL, NULL, 0, '2025-09-23 20:34:22');
INSERT OR REPLACE INTO survey_answers (id, response_id, question_id, answer_text, answer_numeric, answer_boolean, answer_date, is_empty, created_at) VALUES (117, 2, 12, NULL, NULL, NULL, NULL, 1, '2025-09-23 20:34:22');
INSERT OR REPLACE INTO survey_answers (id, response_id, question_id, answer_text, answer_numeric, answer_boolean, answer_date, is_empty, created_at) VALUES (118, 2, 13, NULL, NULL, NULL, NULL, 1, '2025-09-23 20:34:22');
INSERT OR REPLACE INTO survey_answers (id, response_id, question_id, answer_text, answer_numeric, answer_boolean, answer_date, is_empty, created_at) VALUES (119, 2, 14, NULL, NULL, NULL, NULL, 1, '2025-09-23 20:34:22');
INSERT OR REPLACE INTO survey_answers (id, response_id, question_id, answer_text, answer_numeric, answer_boolean, answer_date, is_empty, created_at) VALUES (120, 2, 15, NULL, NULL, NULL, NULL, 1, '2025-09-23 20:34:22');
INSERT OR REPLACE INTO survey_answers (id, response_id, question_id, answer_text, answer_numeric, answer_boolean, answer_date, is_empty, created_at) VALUES (121, 2, 16, NULL, NULL, NULL, NULL, 1, '2025-09-23 20:34:22');
INSERT OR REPLACE INTO survey_answers (id, response_id, question_id, answer_text, answer_numeric, answer_boolean, answer_date, is_empty, created_at) VALUES (122, 2, 17, NULL, NULL, NULL, NULL, 1, '2025-09-23 20:34:22');
INSERT OR REPLACE INTO survey_answers (id, response_id, question_id, answer_text, answer_numeric, answer_boolean, answer_date, is_empty, created_at) VALUES (123, 2, 18, NULL, NULL, NULL, NULL, 1, '2025-09-23 20:34:22');
INSERT OR REPLACE INTO survey_answers (id, response_id, question_id, answer_text, answer_numeric, answer_boolean, answer_date, is_empty, created_at) VALUES (124, 2, 19, NULL, NULL, NULL, NULL, 1, '2025-09-23 20:34:22');
INSERT OR REPLACE INTO survey_answers (id, response_id, question_id, answer_text, answer_numeric, answer_boolean, answer_date, is_empty, created_at) VALUES (125, 2, 20, NULL, NULL, NULL, NULL, 1, '2025-09-23 20:34:22');
INSERT OR REPLACE INTO survey_answers (id, response_id, question_id, answer_text, answer_numeric, answer_boolean, answer_date, is_empty, created_at) VALUES (126, 2, 21, NULL, NULL, NULL, NULL, 1, '2025-09-23 20:34:22');
INSERT OR REPLACE INTO survey_answers (id, response_id, question_id, answer_text, answer_numeric, answer_boolean, answer_date, is_empty, created_at) VALUES (127, 2, 22, NULL, NULL, NULL, NULL, 1, '2025-09-23 20:34:22');
INSERT OR REPLACE INTO survey_answers (id, response_id, question_id, answer_text, answer_numeric, answer_boolean, answer_date, is_empty, created_at) VALUES (128, 2, 23, NULL, NULL, NULL, NULL, 1, '2025-09-23 20:34:22');
INSERT OR REPLACE INTO survey_answers (id, response_id, question_id, answer_text, answer_numeric, answer_boolean, answer_date, is_empty, created_at) VALUES (129, 2, 24, NULL, NULL, NULL, NULL, 1, '2025-09-23 20:34:22');
INSERT OR REPLACE INTO survey_answers (id, response_id, question_id, answer_text, answer_numeric, answer_boolean, answer_date, is_empty, created_at) VALUES (130, 2, 25, NULL, NULL, NULL, NULL, 1, '2025-09-23 20:34:22');
INSERT OR REPLACE INTO survey_answers (id, response_id, question_id, answer_text, answer_numeric, answer_boolean, answer_date, is_empty, created_at) VALUES (131, 2, 26, NULL, NULL, NULL, NULL, 1, '2025-09-23 20:34:22');
INSERT OR REPLACE INTO survey_answers (id, response_id, question_id, answer_text, answer_numeric, answer_boolean, answer_date, is_empty, created_at) VALUES (132, 2, 27, NULL, NULL, NULL, NULL, 1, '2025-09-23 20:34:22');
INSERT OR REPLACE INTO survey_answers (id, response_id, question_id, answer_text, answer_numeric, answer_boolean, answer_date, is_empty, created_at) VALUES (133, 2, 28, NULL, NULL, NULL, NULL, 1, '2025-09-23 20:34:22');
INSERT OR REPLACE INTO survey_answers (id, response_id, question_id, answer_text, answer_numeric, answer_boolean, answer_date, is_empty, created_at) VALUES (134, 2, 29, NULL, NULL, NULL, NULL, 1, '2025-09-23 20:34:22');
INSERT OR REPLACE INTO survey_answers (id, response_id, question_id, answer_text, answer_numeric, answer_boolean, answer_date, is_empty, created_at) VALUES (135, 2, 30, NULL, NULL, NULL, NULL, 1, '2025-09-23 20:34:22');
INSERT OR REPLACE INTO survey_answers (id, response_id, question_id, answer_text, answer_numeric, answer_boolean, answer_date, is_empty, created_at) VALUES (136, 2, 31, NULL, NULL, NULL, NULL, 1, '2025-09-23 20:34:22');
INSERT OR REPLACE INTO survey_answers (id, response_id, question_id, answer_text, answer_numeric, answer_boolean, answer_date, is_empty, created_at) VALUES (137, 2, 32, '112', 112.0, NULL, NULL, 0, '2025-09-23 20:34:22');
INSERT OR REPLACE INTO survey_answers (id, response_id, question_id, answer_text, answer_numeric, answer_boolean, answer_date, is_empty, created_at) VALUES (138, 2, 33, NULL, NULL, NULL, NULL, 1, '2025-09-23 20:34:22');
INSERT OR REPLACE INTO survey_answers (id, response_id, question_id, answer_text, answer_numeric, answer_boolean, answer_date, is_empty, created_at) VALUES (139, 2, 34, NULL, NULL, NULL, NULL, 1, '2025-09-23 20:34:22');
INSERT OR REPLACE INTO survey_answers (id, response_id, question_id, answer_text, answer_numeric, answer_boolean, answer_date, is_empty, created_at) VALUES (140, 2, 35, NULL, NULL, NULL, NULL, 1, '2025-09-23 20:34:22');
INSERT OR REPLACE INTO survey_answers (id, response_id, question_id, answer_text, answer_numeric, answer_boolean, answer_date, is_empty, created_at) VALUES (141, 2, 36, NULL, NULL, NULL, NULL, 1, '2025-09-23 20:34:22');
INSERT OR REPLACE INTO survey_answers (id, response_id, question_id, answer_text, answer_numeric, answer_boolean, answer_date, is_empty, created_at) VALUES (142, 2, 37, NULL, NULL, NULL, NULL, 1, '2025-09-23 20:34:22');
INSERT OR REPLACE INTO survey_answers (id, response_id, question_id, answer_text, answer_numeric, answer_boolean, answer_date, is_empty, created_at) VALUES (143, 2, 38, 'david@goodman.us.com', NULL, NULL, NULL, 0, '2025-09-23 20:34:22');
INSERT OR REPLACE INTO survey_answers (id, response_id, question_id, answer_text, answer_numeric, answer_boolean, answer_date, is_empty, created_at) VALUES (144, 2, 39, 'david@goodman.us.com', NULL, NULL, NULL, 0, '2025-09-23 20:34:22');
INSERT OR REPLACE INTO survey_answers (id, response_id, question_id, answer_text, answer_numeric, answer_boolean, answer_date, is_empty, created_at) VALUES (145, 2, 40, NULL, NULL, NULL, NULL, 1, '2025-09-23 20:34:22');
INSERT OR REPLACE INTO survey_answers (id, response_id, question_id, answer_text, answer_numeric, answer_boolean, answer_date, is_empty, created_at) VALUES (146, 2, 41, NULL, NULL, NULL, NULL, 1, '2025-09-23 20:34:22');
INSERT OR REPLACE INTO survey_answers (id, response_id, question_id, answer_text, answer_numeric, answer_boolean, answer_date, is_empty, created_at) VALUES (147, 2, 42, NULL, NULL, NULL, NULL, 1, '2025-09-23 20:34:22');
INSERT OR REPLACE INTO survey_answers (id, response_id, question_id, answer_text, answer_numeric, answer_boolean, answer_date, is_empty, created_at) VALUES (148, 2, 43, NULL, NULL, NULL, NULL, 1, '2025-09-23 20:34:22');
INSERT OR REPLACE INTO survey_answers (id, response_id, question_id, answer_text, answer_numeric, answer_boolean, answer_date, is_empty, created_at) VALUES (149, 2, 44, NULL, NULL, NULL, NULL, 1, '2025-09-23 20:34:22');
INSERT OR REPLACE INTO survey_answers (id, response_id, question_id, answer_text, answer_numeric, answer_boolean, answer_date, is_empty, created_at) VALUES (150, 2, 45, NULL, NULL, NULL, NULL, 1, '2025-09-23 20:34:22');
INSERT OR REPLACE INTO survey_answers (id, response_id, question_id, answer_text, answer_numeric, answer_boolean, answer_date, is_empty, created_at) VALUES (151, 2, 46, NULL, NULL, NULL, NULL, 1, '2025-09-23 20:34:22');
INSERT OR REPLACE INTO survey_answers (id, response_id, question_id, answer_text, answer_numeric, answer_boolean, answer_date, is_empty, created_at) VALUES (152, 2, 47, NULL, NULL, NULL, NULL, 1, '2025-09-23 20:34:22');
INSERT OR REPLACE INTO survey_answers (id, response_id, question_id, answer_text, answer_numeric, answer_boolean, answer_date, is_empty, created_at) VALUES (153, 2, 48, NULL, NULL, NULL, NULL, 1, '2025-09-23 20:34:22');
INSERT OR REPLACE INTO survey_answers (id, response_id, question_id, answer_text, answer_numeric, answer_boolean, answer_date, is_empty, created_at) VALUES (154, 2, 49, NULL, NULL, NULL, NULL, 1, '2025-09-23 20:34:22');
INSERT OR REPLACE INTO survey_answers (id, response_id, question_id, answer_text, answer_numeric, answer_boolean, answer_date, is_empty, created_at) VALUES (155, 2, 50, '2025-09-16 20:41:02', NULL, NULL, NULL, 0, '2025-09-23 20:34:22');
INSERT OR REPLACE INTO survey_answers (id, response_id, question_id, answer_text, answer_numeric, answer_boolean, answer_date, is_empty, created_at) VALUES (156, 2, 51, 'David', NULL, NULL, NULL, 0, '2025-09-23 20:34:22');
INSERT OR REPLACE INTO survey_answers (id, response_id, question_id, answer_text, answer_numeric, answer_boolean, answer_date, is_empty, created_at) VALUES (157, 2, 52, NULL, NULL, NULL, NULL, 1, '2025-09-23 20:34:22');
INSERT OR REPLACE INTO survey_answers (id, response_id, question_id, answer_text, answer_numeric, answer_boolean, answer_date, is_empty, created_at) VALUES (158, 2, 53, NULL, NULL, NULL, NULL, 1, '2025-09-23 20:34:22');
INSERT OR REPLACE INTO survey_answers (id, response_id, question_id, answer_text, answer_numeric, answer_boolean, answer_date, is_empty, created_at) VALUES (159, 2, 54, NULL, NULL, NULL, NULL, 1, '2025-09-23 20:34:22');
INSERT OR REPLACE INTO survey_answers (id, response_id, question_id, answer_text, answer_numeric, answer_boolean, answer_date, is_empty, created_at) VALUES (160, 2, 55, NULL, NULL, NULL, NULL, 1, '2025-09-23 20:34:22');
INSERT OR REPLACE INTO survey_answers (id, response_id, question_id, answer_text, answer_numeric, answer_boolean, answer_date, is_empty, created_at) VALUES (161, 2, 56, NULL, NULL, NULL, NULL, 1, '2025-09-23 20:34:22');
INSERT OR REPLACE INTO survey_answers (id, response_id, question_id, answer_text, answer_numeric, answer_boolean, answer_date, is_empty, created_at) VALUES (162, 2, 57, NULL, NULL, NULL, NULL, 1, '2025-09-23 20:34:22');
INSERT OR REPLACE INTO survey_answers (id, response_id, question_id, answer_text, answer_numeric, answer_boolean, answer_date, is_empty, created_at) VALUES (163, 2, 58, NULL, NULL, NULL, NULL, 1, '2025-09-23 20:34:22');
INSERT OR REPLACE INTO survey_answers (id, response_id, question_id, answer_text, answer_numeric, answer_boolean, answer_date, is_empty, created_at) VALUES (164, 2, 59, NULL, NULL, NULL, NULL, 1, '2025-09-23 20:34:22');
INSERT OR REPLACE INTO survey_answers (id, response_id, question_id, answer_text, answer_numeric, answer_boolean, answer_date, is_empty, created_at) VALUES (165, 2, 60, NULL, NULL, NULL, NULL, 1, '2025-09-23 20:34:22');
INSERT OR REPLACE INTO survey_answers (id, response_id, question_id, answer_text, answer_numeric, answer_boolean, answer_date, is_empty, created_at) VALUES (166, 2, 61, NULL, NULL, NULL, NULL, 1, '2025-09-23 20:34:22');
INSERT OR REPLACE INTO survey_answers (id, response_id, question_id, answer_text, answer_numeric, answer_boolean, answer_date, is_empty, created_at) VALUES (167, 2, 62, NULL, NULL, NULL, NULL, 1, '2025-09-23 20:34:22');
INSERT OR REPLACE INTO survey_answers (id, response_id, question_id, answer_text, answer_numeric, answer_boolean, answer_date, is_empty, created_at) VALUES (168, 2, 63, NULL, NULL, NULL, NULL, 1, '2025-09-23 20:34:22');
INSERT OR REPLACE INTO survey_answers (id, response_id, question_id, answer_text, answer_numeric, answer_boolean, answer_date, is_empty, created_at) VALUES (169, 2, 64, NULL, NULL, NULL, NULL, 1, '2025-09-23 20:34:22');
INSERT OR REPLACE INTO survey_answers (id, response_id, question_id, answer_text, answer_numeric, answer_boolean, answer_date, is_empty, created_at) VALUES (170, 2, 65, NULL, NULL, NULL, NULL, 1, '2025-09-23 20:34:22');
INSERT OR REPLACE INTO survey_answers (id, response_id, question_id, answer_text, answer_numeric, answer_boolean, answer_date, is_empty, created_at) VALUES (171, 2, 66, NULL, NULL, NULL, NULL, 1, '2025-09-23 20:34:22');
INSERT OR REPLACE INTO survey_answers (id, response_id, question_id, answer_text, answer_numeric, answer_boolean, answer_date, is_empty, created_at) VALUES (172, 2, 67, NULL, NULL, NULL, NULL, 1, '2025-09-23 20:34:22');
INSERT OR REPLACE INTO survey_answers (id, response_id, question_id, answer_text, answer_numeric, answer_boolean, answer_date, is_empty, created_at) VALUES (173, 2, 68, 'Assembly / IYUN', NULL, NULL, NULL, 0, '2025-09-23 20:34:22');
INSERT OR REPLACE INTO survey_answers (id, response_id, question_id, answer_text, answer_numeric, answer_boolean, answer_date, is_empty, created_at) VALUES (174, 2, 69, NULL, NULL, NULL, NULL, 1, '2025-09-23 20:34:22');
INSERT OR REPLACE INTO survey_answers (id, response_id, question_id, answer_text, answer_numeric, answer_boolean, answer_date, is_empty, created_at) VALUES (175, 2, 70, NULL, NULL, NULL, NULL, 1, '2025-09-23 20:34:22');
INSERT OR REPLACE INTO survey_answers (id, response_id, question_id, answer_text, answer_numeric, answer_boolean, answer_date, is_empty, created_at) VALUES (176, 2, 71, NULL, NULL, NULL, NULL, 1, '2025-09-23 20:34:22');
INSERT OR REPLACE INTO survey_answers (id, response_id, question_id, answer_text, answer_numeric, answer_boolean, answer_date, is_empty, created_at) VALUES (177, 2, 72, NULL, NULL, NULL, NULL, 1, '2025-09-23 20:34:22');
INSERT OR REPLACE INTO survey_answers (id, response_id, question_id, answer_text, answer_numeric, answer_boolean, answer_date, is_empty, created_at) VALUES (178, 2, 73, NULL, NULL, NULL, NULL, 1, '2025-09-23 20:34:22');
INSERT OR REPLACE INTO survey_answers (id, response_id, question_id, answer_text, answer_numeric, answer_boolean, answer_date, is_empty, created_at) VALUES (179, 2, 74, '12345', 12345.0, NULL, NULL, 0, '2025-09-23 20:34:22');
INSERT OR REPLACE INTO survey_answers (id, response_id, question_id, answer_text, answer_numeric, answer_boolean, answer_date, is_empty, created_at) VALUES (180, 2, 75, '1/2/25', NULL, NULL, NULL, 0, '2025-09-23 20:34:22');
INSERT OR REPLACE INTO survey_answers (id, response_id, question_id, answer_text, answer_numeric, answer_boolean, answer_date, is_empty, created_at) VALUES (181, 2, 76, 'Salesforce', NULL, NULL, NULL, 0, '2025-09-23 20:34:22');
INSERT OR REPLACE INTO survey_answers (id, response_id, question_id, answer_text, answer_numeric, answer_boolean, answer_date, is_empty, created_at) VALUES (182, 2, 77, '3', 3.0, NULL, NULL, 0, '2025-09-23 20:34:22');
INSERT OR REPLACE INTO survey_answers (id, response_id, question_id, answer_text, answer_numeric, answer_boolean, answer_date, is_empty, created_at) VALUES (183, 2, 78, '23', 23.0, NULL, NULL, 0, '2025-09-23 20:34:22');
INSERT OR REPLACE INTO survey_answers (id, response_id, question_id, answer_text, answer_numeric, answer_boolean, answer_date, is_empty, created_at) VALUES (184, 2, 79, '16750430', 16750430.0, NULL, NULL, 0, '2025-09-23 20:34:22');
INSERT OR REPLACE INTO survey_answers (id, response_id, question_id, answer_text, answer_numeric, answer_boolean, answer_date, is_empty, created_at) VALUES (185, 2, 80, 'https://accounts.google.com/', NULL, NULL, NULL, 0, '2025-09-23 20:34:22');
INSERT OR REPLACE INTO survey_answers (id, response_id, question_id, answer_text, answer_numeric, answer_boolean, answer_date, is_empty, created_at) VALUES (186, 2, 81, 'David', NULL, NULL, NULL, 0, '2025-09-23 20:34:22');
INSERT OR REPLACE INTO survey_answers (id, response_id, question_id, answer_text, answer_numeric, answer_boolean, answer_date, is_empty, created_at) VALUES (187, 2, 82, NULL, NULL, NULL, NULL, 1, '2025-09-23 20:34:22');
INSERT OR REPLACE INTO survey_answers (id, response_id, question_id, answer_text, answer_numeric, answer_boolean, answer_date, is_empty, created_at) VALUES (188, 2, 83, NULL, NULL, NULL, NULL, 1, '2025-09-23 20:34:22');
INSERT OR REPLACE INTO survey_answers (id, response_id, question_id, answer_text, answer_numeric, answer_boolean, answer_date, is_empty, created_at) VALUES (189, 2, 84, NULL, NULL, NULL, NULL, 1, '2025-09-23 20:34:22');
INSERT OR REPLACE INTO survey_answers (id, response_id, question_id, answer_text, answer_numeric, answer_boolean, answer_date, is_empty, created_at) VALUES (190, 2, 85, NULL, NULL, NULL, NULL, 1, '2025-09-23 20:34:22');
INSERT OR REPLACE INTO survey_answers (id, response_id, question_id, answer_text, answer_numeric, answer_boolean, answer_date, is_empty, created_at) VALUES (191, 2, 86, NULL, NULL, NULL, NULL, 1, '2025-09-23 20:34:22');
INSERT OR REPLACE INTO survey_answers (id, response_id, question_id, answer_text, answer_numeric, answer_boolean, answer_date, is_empty, created_at) VALUES (192, 2, 87, '2025-09-16 20:39:10', NULL, NULL, NULL, 0, '2025-09-23 20:34:22');
INSERT OR REPLACE INTO survey_answers (id, response_id, question_id, answer_text, answer_numeric, answer_boolean, answer_date, is_empty, created_at) VALUES (193, 2, 88, 'Complete', NULL, NULL, NULL, 0, '2025-09-23 20:34:22');
INSERT OR REPLACE INTO survey_answers (id, response_id, question_id, answer_text, answer_numeric, answer_boolean, answer_date, is_empty, created_at) VALUES (194, 2, 89, NULL, NULL, NULL, NULL, 1, '2025-09-23 20:34:22');
INSERT OR REPLACE INTO survey_answers (id, response_id, question_id, answer_text, answer_numeric, answer_boolean, answer_date, is_empty, created_at) VALUES (195, 2, 90, NULL, NULL, NULL, NULL, 1, '2025-09-23 20:34:22');
INSERT OR REPLACE INTO survey_answers (id, response_id, question_id, answer_text, answer_numeric, answer_boolean, answer_date, is_empty, created_at) VALUES (196, 2, 91, NULL, NULL, NULL, NULL, 1, '2025-09-23 20:34:22');
INSERT OR REPLACE INTO survey_answers (id, response_id, question_id, answer_text, answer_numeric, answer_boolean, answer_date, is_empty, created_at) VALUES (197, 2, 92, NULL, NULL, NULL, NULL, 1, '2025-09-23 20:34:22');
INSERT OR REPLACE INTO survey_answers (id, response_id, question_id, answer_text, answer_numeric, answer_boolean, answer_date, is_empty, created_at) VALUES (198, 2, 93, NULL, NULL, NULL, NULL, 1, '2025-09-23 20:34:22');
INSERT OR REPLACE INTO survey_answers (id, response_id, question_id, answer_text, answer_numeric, answer_boolean, answer_date, is_empty, created_at) VALUES (199, 2, 94, '72.159.77.87', NULL, NULL, NULL, 0, '2025-09-23 20:34:22');
INSERT OR REPLACE INTO survey_answers (id, response_id, question_id, answer_text, answer_numeric, answer_boolean, answer_date, is_empty, created_at) VALUES (200, 2, 95, 'david@goodman.us.com', NULL, NULL, NULL, 0, '2025-09-23 20:34:22');
INSERT OR REPLACE INTO survey_answers (id, response_id, question_id, answer_text, answer_numeric, answer_boolean, answer_date, is_empty, created_at) VALUES (201, 2, 96, NULL, NULL, NULL, NULL, 1, '2025-09-23 20:34:22');
INSERT OR REPLACE INTO survey_answers (id, response_id, question_id, answer_text, answer_numeric, answer_boolean, answer_date, is_empty, created_at) VALUES (202, 2, 97, NULL, NULL, NULL, NULL, 1, '2025-09-23 20:34:22');
INSERT OR REPLACE INTO survey_answers (id, response_id, question_id, answer_text, answer_numeric, answer_boolean, answer_date, is_empty, created_at) VALUES (203, 2, 98, NULL, NULL, NULL, NULL, 1, '2025-09-23 20:34:22');
INSERT OR REPLACE INTO survey_answers (id, response_id, question_id, answer_text, answer_numeric, answer_boolean, answer_date, is_empty, created_at) VALUES (204, 2, 99, NULL, NULL, NULL, NULL, 1, '2025-09-23 20:34:22');
INSERT OR REPLACE INTO survey_answers (id, response_id, question_id, answer_text, answer_numeric, answer_boolean, answer_date, is_empty, created_at) VALUES (205, 2, 100, NULL, NULL, NULL, NULL, 1, '2025-09-23 20:34:22');
INSERT OR REPLACE INTO survey_answers (id, response_id, question_id, answer_text, answer_numeric, answer_boolean, answer_date, is_empty, created_at) VALUES (206, 2, 101, NULL, NULL, NULL, NULL, 1, '2025-09-23 20:34:22');
INSERT OR REPLACE INTO survey_answers (id, response_id, question_id, answer_text, answer_numeric, answer_boolean, answer_date, is_empty, created_at) VALUES (207, 2, 102, NULL, NULL, NULL, NULL, 1, '2025-09-23 20:34:22');
INSERT OR REPLACE INTO survey_answers (id, response_id, question_id, answer_text, answer_numeric, answer_boolean, answer_date, is_empty, created_at) VALUES (208, 2, 103, NULL, NULL, NULL, NULL, 1, '2025-09-23 20:34:22');
INSERT OR REPLACE INTO survey_answers (id, response_id, question_id, answer_text, answer_numeric, answer_boolean, answer_date, is_empty, created_at) VALUES (209, 2, 104, NULL, NULL, NULL, NULL, 1, '2025-09-23 20:34:22');
INSERT OR REPLACE INTO survey_answers (id, response_id, question_id, answer_text, answer_numeric, answer_boolean, answer_date, is_empty, created_at) VALUES (210, 2, 105, NULL, NULL, NULL, NULL, 1, '2025-09-23 20:34:22');
INSERT OR REPLACE INTO survey_answers (id, response_id, question_id, answer_text, answer_numeric, answer_boolean, answer_date, is_empty, created_at) VALUES (211, 3, 106, 'No, but I''d like to learn more', NULL, NULL, NULL, 0, '2025-09-23 20:34:22');
INSERT OR REPLACE INTO survey_answers (id, response_id, question_id, answer_text, answer_numeric, answer_boolean, answer_date, is_empty, created_at) VALUES (212, 3, 107, 'We are honored by the opportunity to explore this further!', NULL, NULL, NULL, 0, '2025-09-23 20:34:22');
INSERT OR REPLACE INTO survey_answers (id, response_id, question_id, answer_text, answer_numeric, answer_boolean, answer_date, is_empty, created_at) VALUES (213, 3, 108, '242', 242.0, NULL, NULL, 0, '2025-09-23 20:34:22');
INSERT OR REPLACE INTO survey_answers (id, response_id, question_id, answer_text, answer_numeric, answer_boolean, answer_date, is_empty, created_at) VALUES (214, 3, 109, NULL, NULL, NULL, NULL, 1, '2025-09-23 20:34:22');
INSERT OR REPLACE INTO survey_answers (id, response_id, question_id, answer_text, answer_numeric, answer_boolean, answer_date, is_empty, created_at) VALUES (215, 3, 110, '2025-09-15 15:26:09', NULL, NULL, NULL, 0, '2025-09-23 20:34:22');
INSERT OR REPLACE INTO survey_answers (id, response_id, question_id, answer_text, answer_numeric, answer_boolean, answer_date, is_empty, created_at) VALUES (216, 3, 111, 'Rachel Zieleniec', NULL, NULL, NULL, 0, '2025-09-23 20:34:22');
INSERT OR REPLACE INTO survey_answers (id, response_id, question_id, answer_text, answer_numeric, answer_boolean, answer_date, is_empty, created_at) VALUES (217, 3, 112, 'R&R: The Rest of Our Lives', NULL, NULL, NULL, 0, '2025-09-23 20:34:22');
INSERT OR REPLACE INTO survey_answers (id, response_id, question_id, answer_text, answer_numeric, answer_boolean, answer_date, is_empty, created_at) VALUES (218, 3, 113, 'Individual Use: A limited number of staff are using AI tools to streamline their work, but there is no coordinated organizational approach.', NULL, NULL, NULL, 0, '2025-09-23 20:34:22');
INSERT OR REPLACE INTO survey_answers (id, response_id, question_id, answer_text, answer_numeric, answer_boolean, answer_date, is_empty, created_at) VALUES (219, 3, 114, '16744007', 16744007.0, NULL, NULL, 0, '2025-09-23 20:34:22');
INSERT OR REPLACE INTO survey_answers (id, response_id, question_id, answer_text, answer_numeric, answer_boolean, answer_date, is_empty, created_at) VALUES (220, 3, 115, 'N/A', NULL, NULL, NULL, 0, '2025-09-23 20:34:22');
INSERT OR REPLACE INTO survey_answers (id, response_id, question_id, answer_text, answer_numeric, answer_boolean, answer_date, is_empty, created_at) VALUES (221, 3, 116, NULL, NULL, NULL, NULL, 1, '2025-09-23 20:34:22');
INSERT OR REPLACE INTO survey_answers (id, response_id, question_id, answer_text, answer_numeric, answer_boolean, answer_date, is_empty, created_at) VALUES (222, 3, 117, '2025-09-15 15:22:07', NULL, NULL, NULL, 0, '2025-09-23 20:34:22');
INSERT OR REPLACE INTO survey_answers (id, response_id, question_id, answer_text, answer_numeric, answer_boolean, answer_date, is_empty, created_at) VALUES (223, 3, 118, 'Complete', NULL, NULL, NULL, 0, '2025-09-23 20:34:22');
INSERT OR REPLACE INTO survey_answers (id, response_id, question_id, answer_text, answer_numeric, answer_boolean, answer_date, is_empty, created_at) VALUES (224, 3, 119, '99.174.93.36', NULL, NULL, NULL, 0, '2025-09-23 20:34:22');
INSERT OR REPLACE INTO survey_answers (id, response_id, question_id, answer_text, answer_numeric, answer_boolean, answer_date, is_empty, created_at) VALUES (225, 3, 120, 'Im ready to start now!', NULL, NULL, NULL, 0, '2025-09-23 20:34:22');
INSERT OR REPLACE INTO survey_answers (id, response_id, question_id, answer_text, answer_numeric, answer_boolean, answer_date, is_empty, created_at) VALUES (226, 4, 106, 'Were working on it', NULL, NULL, NULL, 0, '2025-09-23 20:34:22');
INSERT OR REPLACE INTO survey_answers (id, response_id, question_id, answer_text, answer_numeric, answer_boolean, answer_date, is_empty, created_at) VALUES (227, 4, 107, 'We are in desperate need of this opportunity. I recently watched a webinar supported by Bridgespan on this topic and became even more certain that we are underutilizing these tools and underinvesting in bringing ourselves up speed on best practices and enterprise level technology.', NULL, NULL, NULL, 0, '2025-09-23 20:34:22');
INSERT OR REPLACE INTO survey_answers (id, response_id, question_id, answer_text, answer_numeric, answer_boolean, answer_date, is_empty, created_at) VALUES (228, 4, 108, '163', 163.0, NULL, NULL, 0, '2025-09-23 20:34:22');
INSERT OR REPLACE INTO survey_answers (id, response_id, question_id, answer_text, answer_numeric, answer_boolean, answer_date, is_empty, created_at) VALUES (229, 4, 109, NULL, NULL, NULL, NULL, 1, '2025-09-23 20:34:22');
INSERT OR REPLACE INTO survey_answers (id, response_id, question_id, answer_text, answer_numeric, answer_boolean, answer_date, is_empty, created_at) VALUES (230, 4, 110, '2025-09-15 15:31:06', NULL, NULL, NULL, 0, '2025-09-23 20:34:22');
INSERT OR REPLACE INTO survey_answers (id, response_id, question_id, answer_text, answer_numeric, answer_boolean, answer_date, is_empty, created_at) VALUES (231, 4, 111, 'Rachel Jacoby Rosenfield', NULL, NULL, NULL, 0, '2025-09-23 20:34:22');
INSERT OR REPLACE INTO survey_answers (id, response_id, question_id, answer_text, answer_numeric, answer_boolean, answer_date, is_empty, created_at) VALUES (232, 4, 112, 'The Shalom Hartman Institute of North America', NULL, NULL, NULL, 0, '2025-09-23 20:34:22');
INSERT OR REPLACE INTO survey_answers (id, response_id, question_id, answer_text, answer_numeric, answer_boolean, answer_date, is_empty, created_at) VALUES (233, 4, 113, 'Exploratory Phase: An informal group of staff members is exploring AI applications and experimenting with potential use cases.', NULL, NULL, NULL, 0, '2025-09-23 20:34:22');
INSERT OR REPLACE INTO survey_answers (id, response_id, question_id, answer_text, answer_numeric, answer_boolean, answer_date, is_empty, created_at) VALUES (234, 4, 114, '16744043', 16744043.0, NULL, NULL, 0, '2025-09-23 20:34:22');
INSERT OR REPLACE INTO survey_answers (id, response_id, question_id, answer_text, answer_numeric, answer_boolean, answer_date, is_empty, created_at) VALUES (235, 4, 115, 'N/A', NULL, NULL, NULL, 0, '2025-09-23 20:34:22');
INSERT OR REPLACE INTO survey_answers (id, response_id, question_id, answer_text, answer_numeric, answer_boolean, answer_date, is_empty, created_at) VALUES (236, 4, 116, NULL, NULL, NULL, NULL, 1, '2025-09-23 20:34:22');
INSERT OR REPLACE INTO survey_answers (id, response_id, question_id, answer_text, answer_numeric, answer_boolean, answer_date, is_empty, created_at) VALUES (237, 4, 117, '2025-09-15 15:28:23', NULL, NULL, NULL, 0, '2025-09-23 20:34:22');
INSERT OR REPLACE INTO survey_answers (id, response_id, question_id, answer_text, answer_numeric, answer_boolean, answer_date, is_empty, created_at) VALUES (238, 4, 118, 'Complete', NULL, NULL, NULL, 0, '2025-09-23 20:34:22');
INSERT OR REPLACE INTO survey_answers (id, response_id, question_id, answer_text, answer_numeric, answer_boolean, answer_date, is_empty, created_at) VALUES (239, 4, 119, '208.81.37.74', NULL, NULL, NULL, 0, '2025-09-23 20:34:22');
INSERT OR REPLACE INTO survey_answers (id, response_id, question_id, answer_text, answer_numeric, answer_boolean, answer_date, is_empty, created_at) VALUES (240, 4, 120, 'In 1 - 3 months', NULL, NULL, NULL, 0, '2025-09-23 20:34:22');
INSERT OR REPLACE INTO survey_answers (id, response_id, question_id, answer_text, answer_numeric, answer_boolean, answer_date, is_empty, created_at) VALUES (241, 5, 106, 'No, but I''d like to learn more', NULL, NULL, NULL, 0, '2025-09-23 20:34:22');
INSERT OR REPLACE INTO survey_answers (id, response_id, question_id, answer_text, answer_numeric, answer_boolean, answer_date, is_empty, created_at) VALUES (242, 5, 107, 'I''m eager to keep exploring this theme with others. Thank you for organizing.', NULL, NULL, NULL, 0, '2025-09-23 20:34:22');
INSERT OR REPLACE INTO survey_answers (id, response_id, question_id, answer_text, answer_numeric, answer_boolean, answer_date, is_empty, created_at) VALUES (243, 5, 108, '74', 74.0, NULL, NULL, 0, '2025-09-23 20:34:22');
INSERT OR REPLACE INTO survey_answers (id, response_id, question_id, answer_text, answer_numeric, answer_boolean, answer_date, is_empty, created_at) VALUES (244, 5, 109, NULL, NULL, NULL, NULL, 1, '2025-09-23 20:34:22');
INSERT OR REPLACE INTO survey_answers (id, response_id, question_id, answer_text, answer_numeric, answer_boolean, answer_date, is_empty, created_at) VALUES (245, 5, 110, '2025-09-15 15:42:44', NULL, NULL, NULL, 0, '2025-09-23 20:34:22');
INSERT OR REPLACE INTO survey_answers (id, response_id, question_id, answer_text, answer_numeric, answer_boolean, answer_date, is_empty, created_at) VALUES (246, 5, 111, 'Analucia Lopezrevoredo', NULL, NULL, NULL, 0, '2025-09-23 20:34:22');
INSERT OR REPLACE INTO survey_answers (id, response_id, question_id, answer_text, answer_numeric, answer_boolean, answer_date, is_empty, created_at) VALUES (247, 5, 112, 'Jewtina', NULL, NULL, NULL, 0, '2025-09-23 20:34:22');
INSERT OR REPLACE INTO survey_answers (id, response_id, question_id, answer_text, answer_numeric, answer_boolean, answer_date, is_empty, created_at) VALUES (248, 5, 113, 'Individual Use: A limited number of staff are using AI tools to streamline their work, but there is no coordinated organizational approach.', NULL, NULL, NULL, 0, '2025-09-23 20:34:22');
INSERT OR REPLACE INTO survey_answers (id, response_id, question_id, answer_text, answer_numeric, answer_boolean, answer_date, is_empty, created_at) VALUES (249, 5, 114, '16744096', 16744096.0, NULL, NULL, 0, '2025-09-23 20:34:22');
INSERT OR REPLACE INTO survey_answers (id, response_id, question_id, answer_text, answer_numeric, answer_boolean, answer_date, is_empty, created_at) VALUES (250, 5, 115, 'N/A', NULL, NULL, NULL, 0, '2025-09-23 20:34:22');
INSERT OR REPLACE INTO survey_answers (id, response_id, question_id, answer_text, answer_numeric, answer_boolean, answer_date, is_empty, created_at) VALUES (251, 5, 116, NULL, NULL, NULL, NULL, 1, '2025-09-23 20:34:22');
INSERT OR REPLACE INTO survey_answers (id, response_id, question_id, answer_text, answer_numeric, answer_boolean, answer_date, is_empty, created_at) VALUES (252, 5, 117, '2025-09-15 15:41:30', NULL, NULL, NULL, 0, '2025-09-23 20:34:22');
INSERT OR REPLACE INTO survey_answers (id, response_id, question_id, answer_text, answer_numeric, answer_boolean, answer_date, is_empty, created_at) VALUES (253, 5, 118, 'Complete', NULL, NULL, NULL, 0, '2025-09-23 20:34:22');
INSERT OR REPLACE INTO survey_answers (id, response_id, question_id, answer_text, answer_numeric, answer_boolean, answer_date, is_empty, created_at) VALUES (254, 5, 119, '92.253.236.123', NULL, NULL, NULL, 0, '2025-09-23 20:34:22');
INSERT OR REPLACE INTO survey_answers (id, response_id, question_id, answer_text, answer_numeric, answer_boolean, answer_date, is_empty, created_at) VALUES (255, 5, 120, 'In 3 - 6 months', NULL, NULL, NULL, 0, '2025-09-23 20:34:22');
INSERT OR REPLACE INTO survey_answers (id, response_id, question_id, answer_text, answer_numeric, answer_boolean, answer_date, is_empty, created_at) VALUES (256, 6, 106, 'Were working on it', NULL, NULL, NULL, 0, '2025-09-23 20:34:22');
INSERT OR REPLACE INTO survey_answers (id, response_id, question_id, answer_text, answer_numeric, answer_boolean, answer_date, is_empty, created_at) VALUES (257, 6, 107, 'I''m so excited to get started! We have a LOT to explore. One andecdote re: AI - I''m sure you''re already hearing similar stories, but with AI previews on Google, our organic traffic has been dramatically reduced as individuals no longer need to click through to read content. Industry estimates are pointing to a 60% reduction overall. I was chatting with our marketing teammate last week and we agreed that for a web product, AI is having as much as an impact as Oct 7 has had for the Jewish world.', NULL, NULL, NULL, 0, '2025-09-23 20:34:22');
INSERT OR REPLACE INTO survey_answers (id, response_id, question_id, answer_text, answer_numeric, answer_boolean, answer_date, is_empty, created_at) VALUES (258, 6, 108, '383', 383.0, NULL, NULL, 0, '2025-09-23 20:34:22');
INSERT OR REPLACE INTO survey_answers (id, response_id, question_id, answer_text, answer_numeric, answer_boolean, answer_date, is_empty, created_at) VALUES (259, 6, 109, 'eileen@recustom.com', NULL, NULL, NULL, 0, '2025-09-23 20:34:22');
INSERT OR REPLACE INTO survey_answers (id, response_id, question_id, answer_text, answer_numeric, answer_boolean, answer_date, is_empty, created_at) VALUES (260, 6, 110, '2025-09-16 5:33:29', NULL, NULL, NULL, 0, '2025-09-23 20:34:22');
INSERT OR REPLACE INTO survey_answers (id, response_id, question_id, answer_text, answer_numeric, answer_boolean, answer_date, is_empty, created_at) VALUES (261, 6, 111, 'Eileen Levinson', NULL, NULL, NULL, 0, '2025-09-23 20:34:22');
INSERT OR REPLACE INTO survey_answers (id, response_id, question_id, answer_text, answer_numeric, answer_boolean, answer_date, is_empty, created_at) VALUES (262, 6, 112, 'ReCustom', NULL, NULL, NULL, 0, '2025-09-23 20:34:22');
INSERT OR REPLACE INTO survey_answers (id, response_id, question_id, answer_text, answer_numeric, answer_boolean, answer_date, is_empty, created_at) VALUES (263, 6, 113, 'Exploratory Phase: An informal group of staff members is exploring AI applications and experimenting with potential use cases.', NULL, NULL, NULL, 0, '2025-09-23 20:34:22');
INSERT OR REPLACE INTO survey_answers (id, response_id, question_id, answer_text, answer_numeric, answer_boolean, answer_date, is_empty, created_at) VALUES (264, 6, 114, '16746368', 16746368.0, NULL, NULL, 0, '2025-09-23 20:34:22');
INSERT OR REPLACE INTO survey_answers (id, response_id, question_id, answer_text, answer_numeric, answer_boolean, answer_date, is_empty, created_at) VALUES (265, 6, 115, 'N/A', NULL, NULL, NULL, 0, '2025-09-23 20:34:22');
INSERT OR REPLACE INTO survey_answers (id, response_id, question_id, answer_text, answer_numeric, answer_boolean, answer_date, is_empty, created_at) VALUES (266, 6, 116, 'Founder & CEO', NULL, NULL, NULL, 0, '2025-09-23 20:34:22');
INSERT OR REPLACE INTO survey_answers (id, response_id, question_id, answer_text, answer_numeric, answer_boolean, answer_date, is_empty, created_at) VALUES (267, 6, 117, '2025-09-16 5:27:06', NULL, NULL, NULL, 0, '2025-09-23 20:34:22');
INSERT OR REPLACE INTO survey_answers (id, response_id, question_id, answer_text, answer_numeric, answer_boolean, answer_date, is_empty, created_at) VALUES (268, 6, 118, 'Complete', NULL, NULL, NULL, 0, '2025-09-23 20:34:22');
INSERT OR REPLACE INTO survey_answers (id, response_id, question_id, answer_text, answer_numeric, answer_boolean, answer_date, is_empty, created_at) VALUES (269, 6, 119, '188.31.114.248', NULL, NULL, NULL, 0, '2025-09-23 20:34:22');
INSERT OR REPLACE INTO survey_answers (id, response_id, question_id, answer_text, answer_numeric, answer_boolean, answer_date, is_empty, created_at) VALUES (270, 6, 120, 'Im ready to start now!', NULL, NULL, NULL, 0, '2025-09-23 20:34:22');
INSERT OR REPLACE INTO survey_answers (id, response_id, question_id, answer_text, answer_numeric, answer_boolean, answer_date, is_empty, created_at) VALUES (271, 7, 106, 'No', NULL, 0, NULL, 0, '2025-09-23 20:34:22');
INSERT OR REPLACE INTO survey_answers (id, response_id, question_id, answer_text, answer_numeric, answer_boolean, answer_date, is_empty, created_at) VALUES (272, 7, 107, NULL, NULL, NULL, NULL, 1, '2025-09-23 20:34:22');
INSERT OR REPLACE INTO survey_answers (id, response_id, question_id, answer_text, answer_numeric, answer_boolean, answer_date, is_empty, created_at) VALUES (273, 7, 108, '60', 60.0, NULL, NULL, 0, '2025-09-23 20:34:22');
INSERT OR REPLACE INTO survey_answers (id, response_id, question_id, answer_text, answer_numeric, answer_boolean, answer_date, is_empty, created_at) VALUES (274, 7, 109, 'sarah@atthewellproject.com', NULL, NULL, NULL, 0, '2025-09-23 20:34:22');
INSERT OR REPLACE INTO survey_answers (id, response_id, question_id, answer_text, answer_numeric, answer_boolean, answer_date, is_empty, created_at) VALUES (275, 7, 110, '2025-09-16 8:24:19', NULL, NULL, NULL, 0, '2025-09-23 20:34:22');
INSERT OR REPLACE INTO survey_answers (id, response_id, question_id, answer_text, answer_numeric, answer_boolean, answer_date, is_empty, created_at) VALUES (276, 7, 111, 'Sarah Waxman', NULL, NULL, NULL, 0, '2025-09-23 20:34:22');
INSERT OR REPLACE INTO survey_answers (id, response_id, question_id, answer_text, answer_numeric, answer_boolean, answer_date, is_empty, created_at) VALUES (277, 7, 112, 'At The Well', NULL, NULL, NULL, 0, '2025-09-23 20:34:22');
INSERT OR REPLACE INTO survey_answers (id, response_id, question_id, answer_text, answer_numeric, answer_boolean, answer_date, is_empty, created_at) VALUES (278, 7, 113, 'Established Integration: AI is integrated across the organization, with dedicated resources committed to advancing its use.', NULL, NULL, NULL, 0, '2025-09-23 20:34:22');
INSERT OR REPLACE INTO survey_answers (id, response_id, question_id, answer_text, answer_numeric, answer_boolean, answer_date, is_empty, created_at) VALUES (279, 7, 114, '16746640', 16746640.0, NULL, NULL, 0, '2025-09-23 20:34:22');
INSERT OR REPLACE INTO survey_answers (id, response_id, question_id, answer_text, answer_numeric, answer_boolean, answer_date, is_empty, created_at) VALUES (280, 7, 115, 'N/A', NULL, NULL, NULL, 0, '2025-09-23 20:34:22');
INSERT OR REPLACE INTO survey_answers (id, response_id, question_id, answer_text, answer_numeric, answer_boolean, answer_date, is_empty, created_at) VALUES (281, 7, 116, 'CEO', NULL, NULL, NULL, 0, '2025-09-23 20:34:22');
INSERT OR REPLACE INTO survey_answers (id, response_id, question_id, answer_text, answer_numeric, answer_boolean, answer_date, is_empty, created_at) VALUES (282, 7, 117, '2025-09-16 8:23:19', NULL, NULL, NULL, 0, '2025-09-23 20:34:22');
INSERT OR REPLACE INTO survey_answers (id, response_id, question_id, answer_text, answer_numeric, answer_boolean, answer_date, is_empty, created_at) VALUES (283, 7, 118, 'Complete', NULL, NULL, NULL, 0, '2025-09-23 20:34:22');
INSERT OR REPLACE INTO survey_answers (id, response_id, question_id, answer_text, answer_numeric, answer_boolean, answer_date, is_empty, created_at) VALUES (284, 7, 119, '174.193.16.23', NULL, NULL, NULL, 0, '2025-09-23 20:34:22');
INSERT OR REPLACE INTO survey_answers (id, response_id, question_id, answer_text, answer_numeric, answer_boolean, answer_date, is_empty, created_at) VALUES (285, 7, 120, 'Im ready to start now!', NULL, NULL, NULL, 0, '2025-09-23 20:34:22');
INSERT OR REPLACE INTO survey_answers (id, response_id, question_id, answer_text, answer_numeric, answer_boolean, answer_date, is_empty, created_at) VALUES (286, 8, 106, 'Yes', NULL, 1, NULL, 0, '2025-09-23 20:34:22');
INSERT OR REPLACE INTO survey_answers (id, response_id, question_id, answer_text, answer_numeric, answer_boolean, answer_date, is_empty, created_at) VALUES (287, 8, 107, 'We know the importance both for the user experience and the safety/security of knowing who is participating in what programs but lack the expertise to have the confidence in how to best move forward. We would love the partnership and are very much ready to make the investment on our end across all our programmatic platforms.', NULL, NULL, NULL, 0, '2025-09-23 20:34:22');
INSERT OR REPLACE INTO survey_answers (id, response_id, question_id, answer_text, answer_numeric, answer_boolean, answer_date, is_empty, created_at) VALUES (288, 8, 108, '56', 56.0, NULL, NULL, 0, '2025-09-23 20:34:22');
INSERT OR REPLACE INTO survey_answers (id, response_id, question_id, answer_text, answer_numeric, answer_boolean, answer_date, is_empty, created_at) VALUES (289, 8, 109, 'david.cygielman@memglobal.org', NULL, NULL, NULL, 0, '2025-09-23 20:34:22');
INSERT OR REPLACE INTO survey_answers (id, response_id, question_id, answer_text, answer_numeric, answer_boolean, answer_date, is_empty, created_at) VALUES (290, 8, 110, '2025-09-16 8:30:59', NULL, NULL, NULL, 0, '2025-09-23 20:34:22');
INSERT OR REPLACE INTO survey_answers (id, response_id, question_id, answer_text, answer_numeric, answer_boolean, answer_date, is_empty, created_at) VALUES (291, 8, 111, 'David Cygielman', NULL, NULL, NULL, 0, '2025-09-23 20:34:22');
INSERT OR REPLACE INTO survey_answers (id, response_id, question_id, answer_text, answer_numeric, answer_boolean, answer_date, is_empty, created_at) VALUES (292, 8, 112, 'Mem Global', NULL, NULL, NULL, 0, '2025-09-23 20:34:22');
INSERT OR REPLACE INTO survey_answers (id, response_id, question_id, answer_text, answer_numeric, answer_boolean, answer_date, is_empty, created_at) VALUES (293, 8, 113, 'Exploratory Phase: An informal group of staff members is exploring AI applications and experimenting with potential use cases.', NULL, NULL, NULL, 0, '2025-09-23 20:34:22');
INSERT OR REPLACE INTO survey_answers (id, response_id, question_id, answer_text, answer_numeric, answer_boolean, answer_date, is_empty, created_at) VALUES (294, 8, 114, '16746657', 16746657.0, NULL, NULL, 0, '2025-09-23 20:34:22');
INSERT OR REPLACE INTO survey_answers (id, response_id, question_id, answer_text, answer_numeric, answer_boolean, answer_date, is_empty, created_at) VALUES (295, 8, 115, 'https://link.edgepilot.com/', NULL, NULL, NULL, 0, '2025-09-23 20:34:22');
INSERT OR REPLACE INTO survey_answers (id, response_id, question_id, answer_text, answer_numeric, answer_boolean, answer_date, is_empty, created_at) VALUES (296, 8, 116, 'CEO', NULL, NULL, NULL, 0, '2025-09-23 20:34:22');
INSERT OR REPLACE INTO survey_answers (id, response_id, question_id, answer_text, answer_numeric, answer_boolean, answer_date, is_empty, created_at) VALUES (297, 8, 117, '2025-09-16 8:30:03', NULL, NULL, NULL, 0, '2025-09-23 20:34:22');
INSERT OR REPLACE INTO survey_answers (id, response_id, question_id, answer_text, answer_numeric, answer_boolean, answer_date, is_empty, created_at) VALUES (298, 8, 118, 'Complete', NULL, NULL, NULL, 0, '2025-09-23 20:34:22');
INSERT OR REPLACE INTO survey_answers (id, response_id, question_id, answer_text, answer_numeric, answer_boolean, answer_date, is_empty, created_at) VALUES (299, 8, 119, '66.26.134.73', NULL, NULL, NULL, 0, '2025-09-23 20:34:22');
INSERT OR REPLACE INTO survey_answers (id, response_id, question_id, answer_text, answer_numeric, answer_boolean, answer_date, is_empty, created_at) VALUES (300, 8, 120, 'In 1 - 3 months', NULL, NULL, NULL, 0, '2025-09-23 20:34:22');
INSERT OR REPLACE INTO survey_answers (id, response_id, question_id, answer_text, answer_numeric, answer_boolean, answer_date, is_empty, created_at) VALUES (301, 9, 106, 'No, but I''d like to learn more', NULL, NULL, NULL, 0, '2025-09-23 20:34:22');
INSERT OR REPLACE INTO survey_answers (id, response_id, question_id, answer_text, answer_numeric, answer_boolean, answer_date, is_empty, created_at) VALUES (302, 9, 107, 'We''ve identified that strengthening our digital security measures across all areas of our work is a top priority in our work. We''re curious about the use cases for AI, both in streamlining internal workflows and in strengthening our case-making for our work externally. Definitely excited to learn more.', NULL, NULL, NULL, 0, '2025-09-23 20:34:22');
INSERT OR REPLACE INTO survey_answers (id, response_id, question_id, answer_text, answer_numeric, answer_boolean, answer_date, is_empty, created_at) VALUES (303, 9, 108, '234', 234.0, NULL, NULL, 0, '2025-09-23 20:34:22');
INSERT OR REPLACE INTO survey_answers (id, response_id, question_id, answer_text, answer_numeric, answer_boolean, answer_date, is_empty, created_at) VALUES (304, 9, 109, 'ayana@svara.org', NULL, NULL, NULL, 0, '2025-09-23 20:34:22');
INSERT OR REPLACE INTO survey_answers (id, response_id, question_id, answer_text, answer_numeric, answer_boolean, answer_date, is_empty, created_at) VALUES (305, 9, 110, '2025-09-16 10:21:11', NULL, NULL, NULL, 0, '2025-09-23 20:34:22');
INSERT OR REPLACE INTO survey_answers (id, response_id, question_id, answer_text, answer_numeric, answer_boolean, answer_date, is_empty, created_at) VALUES (306, 9, 111, 'Ayana Morse', NULL, NULL, NULL, 0, '2025-09-23 20:34:22');
INSERT OR REPLACE INTO survey_answers (id, response_id, question_id, answer_text, answer_numeric, answer_boolean, answer_date, is_empty, created_at) VALUES (307, 9, 112, 'SVARA', NULL, NULL, NULL, 0, '2025-09-23 20:34:22');
INSERT OR REPLACE INTO survey_answers (id, response_id, question_id, answer_text, answer_numeric, answer_boolean, answer_date, is_empty, created_at) VALUES (308, 9, 113, 'Individual Use: A limited number of staff are using AI tools to streamline their work, but there is no coordinated organizational approach.', NULL, NULL, NULL, 0, '2025-09-23 20:34:22');
INSERT OR REPLACE INTO survey_answers (id, response_id, question_id, answer_text, answer_numeric, answer_boolean, answer_date, is_empty, created_at) VALUES (309, 9, 114, '16747237', 16747237.0, NULL, NULL, 0, '2025-09-23 20:34:22');
INSERT OR REPLACE INTO survey_answers (id, response_id, question_id, answer_text, answer_numeric, answer_boolean, answer_date, is_empty, created_at) VALUES (310, 9, 115, 'N/A', NULL, NULL, NULL, 0, '2025-09-23 20:34:22');
INSERT OR REPLACE INTO survey_answers (id, response_id, question_id, answer_text, answer_numeric, answer_boolean, answer_date, is_empty, created_at) VALUES (311, 9, 116, 'Executive Director', NULL, NULL, NULL, 0, '2025-09-23 20:34:22');
INSERT OR REPLACE INTO survey_answers (id, response_id, question_id, answer_text, answer_numeric, answer_boolean, answer_date, is_empty, created_at) VALUES (312, 9, 117, '2025-09-16 10:17:17', NULL, NULL, NULL, 0, '2025-09-23 20:34:22');
INSERT OR REPLACE INTO survey_answers (id, response_id, question_id, answer_text, answer_numeric, answer_boolean, answer_date, is_empty, created_at) VALUES (313, 9, 118, 'Complete', NULL, NULL, NULL, 0, '2025-09-23 20:34:22');
INSERT OR REPLACE INTO survey_answers (id, response_id, question_id, answer_text, answer_numeric, answer_boolean, answer_date, is_empty, created_at) VALUES (314, 9, 119, '150.195.158.118', NULL, NULL, NULL, 0, '2025-09-23 20:34:22');
INSERT OR REPLACE INTO survey_answers (id, response_id, question_id, answer_text, answer_numeric, answer_boolean, answer_date, is_empty, created_at) VALUES (315, 9, 120, 'Im ready to start now!', NULL, NULL, NULL, 0, '2025-09-23 20:34:22');
INSERT OR REPLACE INTO survey_answers (id, response_id, question_id, answer_text, answer_numeric, answer_boolean, answer_date, is_empty, created_at) VALUES (316, 10, 106, 'Were working on it', NULL, NULL, NULL, 0, '2025-09-23 20:34:22');
INSERT OR REPLACE INTO survey_answers (id, response_id, question_id, answer_text, answer_numeric, answer_boolean, answer_date, is_empty, created_at) VALUES (317, 10, 107, 'Please let me know next steps.', NULL, NULL, NULL, 0, '2025-09-23 20:34:22');
INSERT OR REPLACE INTO survey_answers (id, response_id, question_id, answer_text, answer_numeric, answer_boolean, answer_date, is_empty, created_at) VALUES (318, 10, 108, '67', 67.0, NULL, NULL, 0, '2025-09-23 20:34:22');
INSERT OR REPLACE INTO survey_answers (id, response_id, question_id, answer_text, answer_numeric, answer_boolean, answer_date, is_empty, created_at) VALUES (319, 10, 109, 'AlyseE@jewishspirituality.org', NULL, NULL, NULL, 0, '2025-09-23 20:34:22');
INSERT OR REPLACE INTO survey_answers (id, response_id, question_id, answer_text, answer_numeric, answer_boolean, answer_date, is_empty, created_at) VALUES (320, 10, 110, '2025-09-16 14:12:42', NULL, NULL, NULL, 0, '2025-09-23 20:34:22');
INSERT OR REPLACE INTO survey_answers (id, response_id, question_id, answer_text, answer_numeric, answer_boolean, answer_date, is_empty, created_at) VALUES (321, 10, 111, 'Alyse Erman', NULL, NULL, NULL, 0, '2025-09-23 20:34:22');
INSERT OR REPLACE INTO survey_answers (id, response_id, question_id, answer_text, answer_numeric, answer_boolean, answer_date, is_empty, created_at) VALUES (322, 10, 112, 'Institute for Jewish Spirituality', NULL, NULL, NULL, 0, '2025-09-23 20:34:22');
INSERT OR REPLACE INTO survey_answers (id, response_id, question_id, answer_text, answer_numeric, answer_boolean, answer_date, is_empty, created_at) VALUES (323, 10, 113, 'Individual Use: A limited number of staff are using AI tools to streamline their work, but there is no coordinated organizational approach.', NULL, NULL, NULL, 0, '2025-09-23 20:34:22');
INSERT OR REPLACE INTO survey_answers (id, response_id, question_id, answer_text, answer_numeric, answer_boolean, answer_date, is_empty, created_at) VALUES (324, 10, 114, '16748624', 16748624.0, NULL, NULL, 0, '2025-09-23 20:34:22');
INSERT OR REPLACE INTO survey_answers (id, response_id, question_id, answer_text, answer_numeric, answer_boolean, answer_date, is_empty, created_at) VALUES (325, 10, 115, 'N/A', NULL, NULL, NULL, 0, '2025-09-23 20:34:22');
INSERT OR REPLACE INTO survey_answers (id, response_id, question_id, answer_text, answer_numeric, answer_boolean, answer_date, is_empty, created_at) VALUES (326, 10, 116, 'COO', NULL, NULL, NULL, 0, '2025-09-23 20:34:22');
INSERT OR REPLACE INTO survey_answers (id, response_id, question_id, answer_text, answer_numeric, answer_boolean, answer_date, is_empty, created_at) VALUES (327, 10, 117, '2025-09-16 14:11:35', NULL, NULL, NULL, 0, '2025-09-23 20:34:22');
INSERT OR REPLACE INTO survey_answers (id, response_id, question_id, answer_text, answer_numeric, answer_boolean, answer_date, is_empty, created_at) VALUES (328, 10, 118, 'Complete', NULL, NULL, NULL, 0, '2025-09-23 20:34:22');
INSERT OR REPLACE INTO survey_answers (id, response_id, question_id, answer_text, answer_numeric, answer_boolean, answer_date, is_empty, created_at) VALUES (329, 10, 119, '73.81.48.202', NULL, NULL, NULL, 0, '2025-09-23 20:34:22');
INSERT OR REPLACE INTO survey_answers (id, response_id, question_id, answer_text, answer_numeric, answer_boolean, answer_date, is_empty, created_at) VALUES (330, 10, 120, 'Im ready to start now!', NULL, NULL, NULL, 0, '2025-09-23 20:34:22');
INSERT OR REPLACE INTO survey_answers (id, response_id, question_id, answer_text, answer_numeric, answer_boolean, answer_date, is_empty, created_at) VALUES (331, 11, 106, 'Yes', NULL, 1, NULL, 0, '2025-09-23 20:34:22');
INSERT OR REPLACE INTO survey_answers (id, response_id, question_id, answer_text, answer_numeric, answer_boolean, answer_date, is_empty, created_at) VALUES (332, 11, 107, NULL, NULL, NULL, NULL, 1, '2025-09-23 20:34:22');
INSERT OR REPLACE INTO survey_answers (id, response_id, question_id, answer_text, answer_numeric, answer_boolean, answer_date, is_empty, created_at) VALUES (333, 11, 108, '833', 833.0, NULL, NULL, 0, '2025-09-23 20:34:22');
INSERT OR REPLACE INTO survey_answers (id, response_id, question_id, answer_text, answer_numeric, answer_boolean, answer_date, is_empty, created_at) VALUES (334, 11, 109, 'samiel@rootone.org', NULL, NULL, NULL, 0, '2025-09-23 20:34:22');
INSERT OR REPLACE INTO survey_answers (id, response_id, question_id, answer_text, answer_numeric, answer_boolean, answer_date, is_empty, created_at) VALUES (335, 11, 110, '2025-09-16 14:18:09', NULL, NULL, NULL, 0, '2025-09-23 20:34:22');
INSERT OR REPLACE INTO survey_answers (id, response_id, question_id, answer_text, answer_numeric, answer_boolean, answer_date, is_empty, created_at) VALUES (336, 11, 111, 'Simon Amiel', NULL, NULL, NULL, 0, '2025-09-23 20:34:22');
INSERT OR REPLACE INTO survey_answers (id, response_id, question_id, answer_text, answer_numeric, answer_boolean, answer_date, is_empty, created_at) VALUES (337, 11, 112, 'The Jewish Education Project / RootOne', NULL, NULL, NULL, 0, '2025-09-23 20:34:22');
INSERT OR REPLACE INTO survey_answers (id, response_id, question_id, answer_text, answer_numeric, answer_boolean, answer_date, is_empty, created_at) VALUES (338, 11, 113, 'Individual Use: A limited number of staff are using AI tools to streamline their work, but there is no coordinated organizational approach.', NULL, NULL, NULL, 0, '2025-09-23 20:34:22');
INSERT OR REPLACE INTO survey_answers (id, response_id, question_id, answer_text, answer_numeric, answer_boolean, answer_date, is_empty, created_at) VALUES (339, 11, 114, '16748650', 16748650.0, NULL, NULL, 0, '2025-09-23 20:34:22');
INSERT OR REPLACE INTO survey_answers (id, response_id, question_id, answer_text, answer_numeric, answer_boolean, answer_date, is_empty, created_at) VALUES (340, 11, 115, 'N/A', NULL, NULL, NULL, 0, '2025-09-23 20:34:22');
INSERT OR REPLACE INTO survey_answers (id, response_id, question_id, answer_text, answer_numeric, answer_boolean, answer_date, is_empty, created_at) VALUES (341, 11, 116, 'Executive Director', NULL, NULL, NULL, 0, '2025-09-23 20:34:22');
INSERT OR REPLACE INTO survey_answers (id, response_id, question_id, answer_text, answer_numeric, answer_boolean, answer_date, is_empty, created_at) VALUES (342, 11, 117, '2025-09-16 14:04:16', NULL, NULL, NULL, 0, '2025-09-23 20:34:22');
INSERT OR REPLACE INTO survey_answers (id, response_id, question_id, answer_text, answer_numeric, answer_boolean, answer_date, is_empty, created_at) VALUES (343, 11, 118, 'Complete', NULL, NULL, NULL, 0, '2025-09-23 20:34:22');
INSERT OR REPLACE INTO survey_answers (id, response_id, question_id, answer_text, answer_numeric, answer_boolean, answer_date, is_empty, created_at) VALUES (344, 11, 119, '38.71.46.194', NULL, NULL, NULL, 0, '2025-09-23 20:34:22');
INSERT OR REPLACE INTO survey_answers (id, response_id, question_id, answer_text, answer_numeric, answer_boolean, answer_date, is_empty, created_at) VALUES (345, 11, 120, 'In 1 - 3 months', NULL, NULL, NULL, 0, '2025-09-23 20:34:22');
INSERT OR REPLACE INTO survey_answers (id, response_id, question_id, answer_text, answer_numeric, answer_boolean, answer_date, is_empty, created_at) VALUES (346, 12, 106, 'No', NULL, 0, NULL, 0, '2025-09-23 20:34:22');
INSERT OR REPLACE INTO survey_answers (id, response_id, question_id, answer_text, answer_numeric, answer_boolean, answer_date, is_empty, created_at) VALUES (347, 12, 107, 'We are very interested and participating in this program. We would like to know more, specifically what''s involved and what the end "product" of the engagement could look like.     We''re open and interested in evaluating our systems, improving our systems and possibly changing systems where necessary, in order to improve efficiency, collaboration and data,  analytics, and reporting.', NULL, NULL, NULL, 0, '2025-09-23 20:34:22');
INSERT OR REPLACE INTO survey_answers (id, response_id, question_id, answer_text, answer_numeric, answer_boolean, answer_date, is_empty, created_at) VALUES (348, 12, 108, '348', 348.0, NULL, NULL, 0, '2025-09-23 20:34:22');
INSERT OR REPLACE INTO survey_answers (id, response_id, question_id, answer_text, answer_numeric, answer_boolean, answer_date, is_empty, created_at) VALUES (349, 12, 109, 'oren@hadar.org', NULL, NULL, NULL, 0, '2025-09-23 20:34:22');
INSERT OR REPLACE INTO survey_answers (id, response_id, question_id, answer_text, answer_numeric, answer_boolean, answer_date, is_empty, created_at) VALUES (350, 12, 110, '2025-09-17 9:35:09', NULL, NULL, NULL, 0, '2025-09-23 20:34:22');
INSERT OR REPLACE INTO survey_answers (id, response_id, question_id, answer_text, answer_numeric, answer_boolean, answer_date, is_empty, created_at) VALUES (351, 12, 111, 'Oren Harary', NULL, NULL, NULL, 0, '2025-09-23 20:34:22');
INSERT OR REPLACE INTO survey_answers (id, response_id, question_id, answer_text, answer_numeric, answer_boolean, answer_date, is_empty, created_at) VALUES (352, 12, 112, 'Hadar Institute', NULL, NULL, NULL, 0, '2025-09-23 20:34:22');
INSERT OR REPLACE INTO survey_answers (id, response_id, question_id, answer_text, answer_numeric, answer_boolean, answer_date, is_empty, created_at) VALUES (353, 12, 113, 'Individual Use: A limited number of staff are using AI tools to streamline their work, but there is no coordinated organizational approach.', NULL, NULL, NULL, 0, '2025-09-23 20:34:22');
INSERT OR REPLACE INTO survey_answers (id, response_id, question_id, answer_text, answer_numeric, answer_boolean, answer_date, is_empty, created_at) VALUES (354, 12, 114, '16752023', 16752023.0, NULL, NULL, 0, '2025-09-23 20:34:22');
INSERT OR REPLACE INTO survey_answers (id, response_id, question_id, answer_text, answer_numeric, answer_boolean, answer_date, is_empty, created_at) VALUES (355, 12, 115, 'N/A', NULL, NULL, NULL, 0, '2025-09-23 20:34:22');
INSERT OR REPLACE INTO survey_answers (id, response_id, question_id, answer_text, answer_numeric, answer_boolean, answer_date, is_empty, created_at) VALUES (356, 12, 116, 'Chief Operating and Financial Officer', NULL, NULL, NULL, 0, '2025-09-23 20:34:22');
INSERT OR REPLACE INTO survey_answers (id, response_id, question_id, answer_text, answer_numeric, answer_boolean, answer_date, is_empty, created_at) VALUES (357, 12, 117, '2025-09-17 9:29:21', NULL, NULL, NULL, 0, '2025-09-23 20:34:22');
INSERT OR REPLACE INTO survey_answers (id, response_id, question_id, answer_text, answer_numeric, answer_boolean, answer_date, is_empty, created_at) VALUES (358, 12, 118, 'Complete', NULL, NULL, NULL, 0, '2025-09-23 20:34:22');
INSERT OR REPLACE INTO survey_answers (id, response_id, question_id, answer_text, answer_numeric, answer_boolean, answer_date, is_empty, created_at) VALUES (359, 12, 119, '38.49.72.231', NULL, NULL, NULL, 0, '2025-09-23 20:34:22');
INSERT OR REPLACE INTO survey_answers (id, response_id, question_id, answer_text, answer_numeric, answer_boolean, answer_date, is_empty, created_at) VALUES (360, 12, 120, 'Im ready to start now!', NULL, NULL, NULL, 0, '2025-09-23 20:34:22');
INSERT OR REPLACE INTO survey_answers (id, response_id, question_id, answer_text, answer_numeric, answer_boolean, answer_date, is_empty, created_at) VALUES (361, 13, 106, 'Yes', NULL, 1, NULL, 0, '2025-09-23 20:34:22');
INSERT OR REPLACE INTO survey_answers (id, response_id, question_id, answer_text, answer_numeric, answer_boolean, answer_date, is_empty, created_at) VALUES (362, 13, 107, NULL, NULL, NULL, NULL, 1, '2025-09-23 20:34:22');
INSERT OR REPLACE INTO survey_answers (id, response_id, question_id, answer_text, answer_numeric, answer_boolean, answer_date, is_empty, created_at) VALUES (363, 13, 108, '74', 74.0, NULL, NULL, 0, '2025-09-23 20:34:22');
INSERT OR REPLACE INTO survey_answers (id, response_id, question_id, answer_text, answer_numeric, answer_boolean, answer_date, is_empty, created_at) VALUES (364, 13, 109, 'aaronk@upstartlab.org', NULL, NULL, NULL, 0, '2025-09-23 20:34:22');
INSERT OR REPLACE INTO survey_answers (id, response_id, question_id, answer_text, answer_numeric, answer_boolean, answer_date, is_empty, created_at) VALUES (365, 13, 110, '2025-09-17 11:10:24', NULL, NULL, NULL, 0, '2025-09-23 20:34:22');
INSERT OR REPLACE INTO survey_answers (id, response_id, question_id, answer_text, answer_numeric, answer_boolean, answer_date, is_empty, created_at) VALUES (366, 13, 111, 'Aaron Katler', NULL, NULL, NULL, 0, '2025-09-23 20:34:22');
INSERT OR REPLACE INTO survey_answers (id, response_id, question_id, answer_text, answer_numeric, answer_boolean, answer_date, is_empty, created_at) VALUES (367, 13, 112, 'UpStart', NULL, NULL, NULL, 0, '2025-09-23 20:34:22');
INSERT OR REPLACE INTO survey_answers (id, response_id, question_id, answer_text, answer_numeric, answer_boolean, answer_date, is_empty, created_at) VALUES (368, 13, 113, 'Established Integration: AI is integrated across the organization, with dedicated resources committed to advancing its use.', NULL, NULL, NULL, 0, '2025-09-23 20:34:22');
INSERT OR REPLACE INTO survey_answers (id, response_id, question_id, answer_text, answer_numeric, answer_boolean, answer_date, is_empty, created_at) VALUES (369, 13, 114, '16752667', 16752667.0, NULL, NULL, 0, '2025-09-23 20:34:22');
INSERT OR REPLACE INTO survey_answers (id, response_id, question_id, answer_text, answer_numeric, answer_boolean, answer_date, is_empty, created_at) VALUES (370, 13, 115, 'N/A', NULL, NULL, NULL, 0, '2025-09-23 20:34:22');
INSERT OR REPLACE INTO survey_answers (id, response_id, question_id, answer_text, answer_numeric, answer_boolean, answer_date, is_empty, created_at) VALUES (371, 13, 116, 'CEO', NULL, NULL, NULL, 0, '2025-09-23 20:34:22');
INSERT OR REPLACE INTO survey_answers (id, response_id, question_id, answer_text, answer_numeric, answer_boolean, answer_date, is_empty, created_at) VALUES (372, 13, 117, '2025-09-17 11:09:10', NULL, NULL, NULL, 0, '2025-09-23 20:34:22');
INSERT OR REPLACE INTO survey_answers (id, response_id, question_id, answer_text, answer_numeric, answer_boolean, answer_date, is_empty, created_at) VALUES (373, 13, 118, 'Complete', NULL, NULL, NULL, 0, '2025-09-23 20:34:22');
INSERT OR REPLACE INTO survey_answers (id, response_id, question_id, answer_text, answer_numeric, answer_boolean, answer_date, is_empty, created_at) VALUES (374, 13, 119, '23.93.87.167', NULL, NULL, NULL, 0, '2025-09-23 20:34:22');
INSERT OR REPLACE INTO survey_answers (id, response_id, question_id, answer_text, answer_numeric, answer_boolean, answer_date, is_empty, created_at) VALUES (375, 13, 120, 'Im ready to start now!', NULL, NULL, NULL, 0, '2025-09-23 20:34:22');
INSERT OR REPLACE INTO survey_answers (id, response_id, question_id, answer_text, answer_numeric, answer_boolean, answer_date, is_empty, created_at) VALUES (376, 14, 106, 'Yes', NULL, 1, NULL, 0, '2025-09-23 20:34:22');
INSERT OR REPLACE INTO survey_answers (id, response_id, question_id, answer_text, answer_numeric, answer_boolean, answer_date, is_empty, created_at) VALUES (377, 14, 107, 'Thank you for this opportunity to partner on this initiative.', NULL, NULL, NULL, 0, '2025-09-23 20:34:22');
INSERT OR REPLACE INTO survey_answers (id, response_id, question_id, answer_text, answer_numeric, answer_boolean, answer_date, is_empty, created_at) VALUES (378, 14, 108, '77162', 77162.0, NULL, NULL, 0, '2025-09-23 20:34:22');
INSERT OR REPLACE INTO survey_answers (id, response_id, question_id, answer_text, answer_numeric, answer_boolean, answer_date, is_empty, created_at) VALUES (379, 14, 109, 'sblancke@70facesmedia.org', NULL, NULL, NULL, 0, '2025-09-23 20:34:22');
INSERT OR REPLACE INTO survey_answers (id, response_id, question_id, answer_text, answer_numeric, answer_boolean, answer_date, is_empty, created_at) VALUES (380, 14, 110, '2025-09-18 9:58:29', NULL, NULL, NULL, 0, '2025-09-23 20:34:22');
INSERT OR REPLACE INTO survey_answers (id, response_id, question_id, answer_text, answer_numeric, answer_boolean, answer_date, is_empty, created_at) VALUES (381, 14, 111, 'Sara Blancke', NULL, NULL, NULL, 0, '2025-09-23 20:34:22');
INSERT OR REPLACE INTO survey_answers (id, response_id, question_id, answer_text, answer_numeric, answer_boolean, answer_date, is_empty, created_at) VALUES (382, 14, 112, '70 Faces Media', NULL, NULL, NULL, 0, '2025-09-23 20:34:22');
INSERT OR REPLACE INTO survey_answers (id, response_id, question_id, answer_text, answer_numeric, answer_boolean, answer_date, is_empty, created_at) VALUES (383, 14, 113, 'Strategic Development: A formal group meets regularly and is in the early stages of developing an organization-wide AI strategy.', NULL, NULL, NULL, 0, '2025-09-23 20:34:22');
INSERT OR REPLACE INTO survey_answers (id, response_id, question_id, answer_text, answer_numeric, answer_boolean, answer_date, is_empty, created_at) VALUES (384, 14, 114, '16756800', 16756800.0, NULL, NULL, 0, '2025-09-23 20:34:22');
INSERT OR REPLACE INTO survey_answers (id, response_id, question_id, answer_text, answer_numeric, answer_boolean, answer_date, is_empty, created_at) VALUES (385, 14, 115, 'N/A', NULL, NULL, NULL, 0, '2025-09-23 20:34:22');
INSERT OR REPLACE INTO survey_answers (id, response_id, question_id, answer_text, answer_numeric, answer_boolean, answer_date, is_empty, created_at) VALUES (386, 14, 116, 'Director of Grants & Philanthropic Partnerships', NULL, NULL, NULL, 0, '2025-09-23 20:34:22');
INSERT OR REPLACE INTO survey_answers (id, response_id, question_id, answer_text, answer_numeric, answer_boolean, answer_date, is_empty, created_at) VALUES (387, 14, 117, '2025-09-17 12:32:27', NULL, NULL, NULL, 0, '2025-09-23 20:34:22');
INSERT OR REPLACE INTO survey_answers (id, response_id, question_id, answer_text, answer_numeric, answer_boolean, answer_date, is_empty, created_at) VALUES (388, 14, 118, 'Complete', NULL, NULL, NULL, 0, '2025-09-23 20:34:22');
INSERT OR REPLACE INTO survey_answers (id, response_id, question_id, answer_text, answer_numeric, answer_boolean, answer_date, is_empty, created_at) VALUES (389, 14, 119, '208.104.186.211', NULL, NULL, NULL, 0, '2025-09-23 20:34:22');
INSERT OR REPLACE INTO survey_answers (id, response_id, question_id, answer_text, answer_numeric, answer_boolean, answer_date, is_empty, created_at) VALUES (390, 14, 120, 'Im ready to start now!', NULL, NULL, NULL, 0, '2025-09-23 20:34:22');
INSERT OR REPLACE INTO survey_answers (id, response_id, question_id, answer_text, answer_numeric, answer_boolean, answer_date, is_empty, created_at) VALUES (391, 15, 106, 'Were working on it', NULL, NULL, NULL, 0, '2025-09-23 20:34:22');
INSERT OR REPLACE INTO survey_answers (id, response_id, question_id, answer_text, answer_numeric, answer_boolean, answer_date, is_empty, created_at) VALUES (392, 15, 107, 'Thank you!  This is perfect timing for us and will add so much value.', NULL, NULL, NULL, 0, '2025-09-23 20:34:22');
INSERT OR REPLACE INTO survey_answers (id, response_id, question_id, answer_text, answer_numeric, answer_boolean, answer_date, is_empty, created_at) VALUES (393, 15, 108, '67', 67.0, NULL, NULL, 0, '2025-09-23 20:34:22');
INSERT OR REPLACE INTO survey_answers (id, response_id, question_id, answer_text, answer_numeric, answer_boolean, answer_date, is_empty, created_at) VALUES (394, 15, 109, 'jamie.simon@jewishcamp.org', NULL, NULL, NULL, 0, '2025-09-23 20:34:22');
INSERT OR REPLACE INTO survey_answers (id, response_id, question_id, answer_text, answer_numeric, answer_boolean, answer_date, is_empty, created_at) VALUES (395, 15, 110, '2025-09-18 20:23:39', NULL, NULL, NULL, 0, '2025-09-23 20:34:22');
INSERT OR REPLACE INTO survey_answers (id, response_id, question_id, answer_text, answer_numeric, answer_boolean, answer_date, is_empty, created_at) VALUES (396, 15, 111, 'Jamie Simon', NULL, NULL, NULL, 0, '2025-09-23 20:34:22');
INSERT OR REPLACE INTO survey_answers (id, response_id, question_id, answer_text, answer_numeric, answer_boolean, answer_date, is_empty, created_at) VALUES (397, 15, 112, 'Foundation for Jewish Camp', NULL, NULL, NULL, 0, '2025-09-23 20:34:22');
INSERT OR REPLACE INTO survey_answers (id, response_id, question_id, answer_text, answer_numeric, answer_boolean, answer_date, is_empty, created_at) VALUES (398, 15, 113, 'Strategic Development: A formal group meets regularly and is in the early stages of developing an organization-wide AI strategy.', NULL, NULL, NULL, 0, '2025-09-23 20:34:22');
INSERT OR REPLACE INTO survey_answers (id, response_id, question_id, answer_text, answer_numeric, answer_boolean, answer_date, is_empty, created_at) VALUES (399, 15, 114, '16759739', 16759739.0, NULL, NULL, 0, '2025-09-23 20:34:22');
INSERT OR REPLACE INTO survey_answers (id, response_id, question_id, answer_text, answer_numeric, answer_boolean, answer_date, is_empty, created_at) VALUES (400, 15, 115, 'N/A', NULL, NULL, NULL, 0, '2025-09-23 20:34:22');
INSERT OR REPLACE INTO survey_answers (id, response_id, question_id, answer_text, answer_numeric, answer_boolean, answer_date, is_empty, created_at) VALUES (401, 15, 116, 'CEO', NULL, NULL, NULL, 0, '2025-09-23 20:34:22');
INSERT OR REPLACE INTO survey_answers (id, response_id, question_id, answer_text, answer_numeric, answer_boolean, answer_date, is_empty, created_at) VALUES (402, 15, 117, '2025-09-18 20:22:32', NULL, NULL, NULL, 0, '2025-09-23 20:34:22');
INSERT OR REPLACE INTO survey_answers (id, response_id, question_id, answer_text, answer_numeric, answer_boolean, answer_date, is_empty, created_at) VALUES (403, 15, 118, 'Complete', NULL, NULL, NULL, 0, '2025-09-23 20:34:22');
INSERT OR REPLACE INTO survey_answers (id, response_id, question_id, answer_text, answer_numeric, answer_boolean, answer_date, is_empty, created_at) VALUES (404, 15, 119, '99.196.129.7', NULL, NULL, NULL, 0, '2025-09-23 20:34:22');
INSERT OR REPLACE INTO survey_answers (id, response_id, question_id, answer_text, answer_numeric, answer_boolean, answer_date, is_empty, created_at) VALUES (405, 15, 120, 'In 3 - 6 months', NULL, NULL, NULL, 0, '2025-09-23 20:34:22');
INSERT OR REPLACE INTO survey_answers (id, response_id, question_id, answer_text, answer_numeric, answer_boolean, answer_date, is_empty, created_at) VALUES (406, 16, 106, 'No, but I''d like to learn more', NULL, NULL, NULL, 0, '2025-09-23 20:34:22');
INSERT OR REPLACE INTO survey_answers (id, response_id, question_id, answer_text, answer_numeric, answer_boolean, answer_date, is_empty, created_at) VALUES (407, 16, 107, NULL, NULL, NULL, NULL, 1, '2025-09-23 20:34:22');
INSERT OR REPLACE INTO survey_answers (id, response_id, question_id, answer_text, answer_numeric, answer_boolean, answer_date, is_empty, created_at) VALUES (408, 16, 108, '75', 75.0, NULL, NULL, 0, '2025-09-23 20:34:22');
INSERT OR REPLACE INTO survey_answers (id, response_id, question_id, answer_text, answer_numeric, answer_boolean, answer_date, is_empty, created_at) VALUES (409, 16, 109, 'violeta@jewtina.org', NULL, NULL, NULL, 0, '2025-09-23 20:34:22');
INSERT OR REPLACE INTO survey_answers (id, response_id, question_id, answer_text, answer_numeric, answer_boolean, answer_date, is_empty, created_at) VALUES (410, 16, 110, '2025-09-19 9:27:05', NULL, NULL, NULL, 0, '2025-09-23 20:34:22');
INSERT OR REPLACE INTO survey_answers (id, response_id, question_id, answer_text, answer_numeric, answer_boolean, answer_date, is_empty, created_at) VALUES (411, 16, 111, 'Violeta Stolpen', NULL, NULL, NULL, 0, '2025-09-23 20:34:22');
INSERT OR REPLACE INTO survey_answers (id, response_id, question_id, answer_text, answer_numeric, answer_boolean, answer_date, is_empty, created_at) VALUES (412, 16, 112, 'Jewtina', NULL, NULL, NULL, 0, '2025-09-23 20:34:22');
INSERT OR REPLACE INTO survey_answers (id, response_id, question_id, answer_text, answer_numeric, answer_boolean, answer_date, is_empty, created_at) VALUES (413, 16, 113, 'Individual Use: A limited number of staff are using AI tools to streamline their work, but there is no coordinated organizational approach.', NULL, NULL, NULL, 0, '2025-09-23 20:34:22');
INSERT OR REPLACE INTO survey_answers (id, response_id, question_id, answer_text, answer_numeric, answer_boolean, answer_date, is_empty, created_at) VALUES (414, 16, 114, '16761152', 16761152.0, NULL, NULL, 0, '2025-09-23 20:34:22');
INSERT OR REPLACE INTO survey_answers (id, response_id, question_id, answer_text, answer_numeric, answer_boolean, answer_date, is_empty, created_at) VALUES (415, 16, 115, 'N/A', NULL, NULL, NULL, 0, '2025-09-23 20:34:22');
INSERT OR REPLACE INTO survey_answers (id, response_id, question_id, answer_text, answer_numeric, answer_boolean, answer_date, is_empty, created_at) VALUES (416, 16, 116, 'Director of Operations', NULL, NULL, NULL, 0, '2025-09-23 20:34:22');
INSERT OR REPLACE INTO survey_answers (id, response_id, question_id, answer_text, answer_numeric, answer_boolean, answer_date, is_empty, created_at) VALUES (417, 16, 117, '2025-09-19 9:25:50', NULL, NULL, NULL, 0, '2025-09-23 20:34:22');
INSERT OR REPLACE INTO survey_answers (id, response_id, question_id, answer_text, answer_numeric, answer_boolean, answer_date, is_empty, created_at) VALUES (418, 16, 118, 'Complete', NULL, NULL, NULL, 0, '2025-09-23 20:34:22');
INSERT OR REPLACE INTO survey_answers (id, response_id, question_id, answer_text, answer_numeric, answer_boolean, answer_date, is_empty, created_at) VALUES (419, 16, 119, '65.121.47.24', NULL, NULL, NULL, 0, '2025-09-23 20:34:22');
INSERT OR REPLACE INTO survey_answers (id, response_id, question_id, answer_text, answer_numeric, answer_boolean, answer_date, is_empty, created_at) VALUES (420, 16, 120, 'In 3 - 6 months', NULL, NULL, NULL, 0, '2025-09-23 20:34:22');
INSERT OR REPLACE INTO survey_answers (id, response_id, question_id, answer_text, answer_numeric, answer_boolean, answer_date, is_empty, created_at) VALUES (421, 17, 106, 'Were working on it', NULL, NULL, NULL, 0, '2025-09-23 20:34:22');
INSERT OR REPLACE INTO survey_answers (id, response_id, question_id, answer_text, answer_numeric, answer_boolean, answer_date, is_empty, created_at) VALUES (422, 17, 107, NULL, NULL, NULL, NULL, 1, '2025-09-23 20:34:22');
INSERT OR REPLACE INTO survey_answers (id, response_id, question_id, answer_text, answer_numeric, answer_boolean, answer_date, is_empty, created_at) VALUES (423, 17, 108, '71', 71.0, NULL, NULL, 0, '2025-09-23 20:34:22');
INSERT OR REPLACE INTO survey_answers (id, response_id, question_id, answer_text, answer_numeric, answer_boolean, answer_date, is_empty, created_at) VALUES (424, 17, 109, 'shane@rebooters.net', NULL, NULL, NULL, 0, '2025-09-23 20:34:22');
INSERT OR REPLACE INTO survey_answers (id, response_id, question_id, answer_text, answer_numeric, answer_boolean, answer_date, is_empty, created_at) VALUES (425, 17, 110, '2025-09-19 10:21:25', NULL, NULL, NULL, 0, '2025-09-23 20:34:22');
INSERT OR REPLACE INTO survey_answers (id, response_id, question_id, answer_text, answer_numeric, answer_boolean, answer_date, is_empty, created_at) VALUES (426, 17, 111, 'Shane Hankins', NULL, NULL, NULL, 0, '2025-09-23 20:34:22');
INSERT OR REPLACE INTO survey_answers (id, response_id, question_id, answer_text, answer_numeric, answer_boolean, answer_date, is_empty, created_at) VALUES (427, 17, 112, 'Reboot', NULL, NULL, NULL, 0, '2025-09-23 20:34:22');
INSERT OR REPLACE INTO survey_answers (id, response_id, question_id, answer_text, answer_numeric, answer_boolean, answer_date, is_empty, created_at) VALUES (428, 17, 113, 'Strategic Development: A formal group meets regularly and is in the early stages of developing an organization-wide AI strategy.', NULL, NULL, NULL, 0, '2025-09-23 20:34:22');
INSERT OR REPLACE INTO survey_answers (id, response_id, question_id, answer_text, answer_numeric, answer_boolean, answer_date, is_empty, created_at) VALUES (429, 17, 114, '16761447', 16761447.0, NULL, NULL, 0, '2025-09-23 20:34:22');
INSERT OR REPLACE INTO survey_answers (id, response_id, question_id, answer_text, answer_numeric, answer_boolean, answer_date, is_empty, created_at) VALUES (430, 17, 115, 'N/A', NULL, NULL, NULL, 0, '2025-09-23 20:34:22');
INSERT OR REPLACE INTO survey_answers (id, response_id, question_id, answer_text, answer_numeric, answer_boolean, answer_date, is_empty, created_at) VALUES (431, 17, 116, 'COO', NULL, NULL, NULL, 0, '2025-09-23 20:34:22');
INSERT OR REPLACE INTO survey_answers (id, response_id, question_id, answer_text, answer_numeric, answer_boolean, answer_date, is_empty, created_at) VALUES (432, 17, 117, '2025-09-19 10:20:14', NULL, NULL, NULL, 0, '2025-09-23 20:34:22');
INSERT OR REPLACE INTO survey_answers (id, response_id, question_id, answer_text, answer_numeric, answer_boolean, answer_date, is_empty, created_at) VALUES (433, 17, 118, 'Complete', NULL, NULL, NULL, 0, '2025-09-23 20:34:22');
INSERT OR REPLACE INTO survey_answers (id, response_id, question_id, answer_text, answer_numeric, answer_boolean, answer_date, is_empty, created_at) VALUES (434, 17, 119, '24.46.193.125', NULL, NULL, NULL, 0, '2025-09-23 20:34:22');
INSERT OR REPLACE INTO survey_answers (id, response_id, question_id, answer_text, answer_numeric, answer_boolean, answer_date, is_empty, created_at) VALUES (435, 17, 120, 'Im ready to start now!', NULL, NULL, NULL, 0, '2025-09-23 20:34:22');
INSERT OR REPLACE INTO survey_answers (id, response_id, question_id, answer_text, answer_numeric, answer_boolean, answer_date, is_empty, created_at) VALUES (436, 18, 106, 'No', NULL, 0, NULL, 0, '2025-09-23 20:34:22');
INSERT OR REPLACE INTO survey_answers (id, response_id, question_id, answer_text, answer_numeric, answer_boolean, answer_date, is_empty, created_at) VALUES (437, 18, 107, NULL, NULL, NULL, NULL, 1, '2025-09-23 20:34:22');
INSERT OR REPLACE INTO survey_answers (id, response_id, question_id, answer_text, answer_numeric, answer_boolean, answer_date, is_empty, created_at) VALUES (438, 18, 108, '18', 18.0, NULL, NULL, 0, '2025-09-23 20:34:22');
INSERT OR REPLACE INTO survey_answers (id, response_id, question_id, answer_text, answer_numeric, answer_boolean, answer_date, is_empty, created_at) VALUES (439, 18, 109, 'sroth@lauder-impact.org', NULL, NULL, NULL, 0, '2025-09-23 20:34:22');
INSERT OR REPLACE INTO survey_answers (id, response_id, question_id, answer_text, answer_numeric, answer_boolean, answer_date, is_empty, created_at) VALUES (440, 18, 110, '2025-09-19 17:01:18', NULL, NULL, NULL, 0, '2025-09-23 20:34:22');
INSERT OR REPLACE INTO survey_answers (id, response_id, question_id, answer_text, answer_numeric, answer_boolean, answer_date, is_empty, created_at) VALUES (441, 18, 111, 'Sam Roth', NULL, NULL, NULL, 0, '2025-09-23 20:34:22');
INSERT OR REPLACE INTO survey_answers (id, response_id, question_id, answer_text, answer_numeric, answer_boolean, answer_date, is_empty, created_at) VALUES (442, 18, 112, 'Lauder Impact Initiative', NULL, NULL, NULL, 0, '2025-09-23 20:34:22');
INSERT OR REPLACE INTO survey_answers (id, response_id, question_id, answer_text, answer_numeric, answer_boolean, answer_date, is_empty, created_at) VALUES (443, 18, 113, 'Individual Use: A limited number of staff are using AI tools to streamline their work, but there is no coordinated organizational approach.', NULL, NULL, NULL, 0, '2025-09-23 20:34:22');
INSERT OR REPLACE INTO survey_answers (id, response_id, question_id, answer_text, answer_numeric, answer_boolean, answer_date, is_empty, created_at) VALUES (444, 18, 114, '16763532', 16763532.0, NULL, NULL, 0, '2025-09-23 20:34:22');
INSERT OR REPLACE INTO survey_answers (id, response_id, question_id, answer_text, answer_numeric, answer_boolean, answer_date, is_empty, created_at) VALUES (445, 18, 115, 'N/A', NULL, NULL, NULL, 0, '2025-09-23 20:34:22');
INSERT OR REPLACE INTO survey_answers (id, response_id, question_id, answer_text, answer_numeric, answer_boolean, answer_date, is_empty, created_at) VALUES (446, 18, 116, 'Director of Operations and Strategy', NULL, NULL, NULL, 0, '2025-09-23 20:34:22');
INSERT OR REPLACE INTO survey_answers (id, response_id, question_id, answer_text, answer_numeric, answer_boolean, answer_date, is_empty, created_at) VALUES (447, 18, 117, '2025-09-19 17:01:00', NULL, NULL, NULL, 0, '2025-09-23 20:34:22');
INSERT OR REPLACE INTO survey_answers (id, response_id, question_id, answer_text, answer_numeric, answer_boolean, answer_date, is_empty, created_at) VALUES (448, 18, 118, 'Complete', NULL, NULL, NULL, 0, '2025-09-23 20:34:22');
INSERT OR REPLACE INTO survey_answers (id, response_id, question_id, answer_text, answer_numeric, answer_boolean, answer_date, is_empty, created_at) VALUES (449, 18, 119, '47.230.17.59', NULL, NULL, NULL, 0, '2025-09-23 20:34:22');
INSERT OR REPLACE INTO survey_answers (id, response_id, question_id, answer_text, answer_numeric, answer_boolean, answer_date, is_empty, created_at) VALUES (450, 18, 120, 'Im ready to start now!', NULL, NULL, NULL, 0, '2025-09-23 20:34:22');
INSERT OR REPLACE INTO survey_answers (id, response_id, question_id, answer_text, answer_numeric, answer_boolean, answer_date, is_empty, created_at) VALUES (451, 19, 106, 'No, but I''d like to learn more', NULL, NULL, NULL, 0, '2025-09-23 20:34:22');
INSERT OR REPLACE INTO survey_answers (id, response_id, question_id, answer_text, answer_numeric, answer_boolean, answer_date, is_empty, created_at) VALUES (452, 19, 107, 'We are exciting about digging into this.  We are also under fiscal sponsorship and rely on their guidelines for AI.', NULL, NULL, NULL, 0, '2025-09-23 20:34:22');
INSERT OR REPLACE INTO survey_answers (id, response_id, question_id, answer_text, answer_numeric, answer_boolean, answer_date, is_empty, created_at) VALUES (453, 19, 108, '75', 75.0, NULL, NULL, 0, '2025-09-23 20:34:22');
INSERT OR REPLACE INTO survey_answers (id, response_id, question_id, answer_text, answer_numeric, answer_boolean, answer_date, is_empty, created_at) VALUES (454, 19, 109, 'shaina@srenetwork.org', NULL, NULL, NULL, 0, '2025-09-23 20:34:22');
INSERT OR REPLACE INTO survey_answers (id, response_id, question_id, answer_text, answer_numeric, answer_boolean, answer_date, is_empty, created_at) VALUES (455, 19, 110, '2025-09-22 12:40:57', NULL, NULL, NULL, 0, '2025-09-23 20:34:22');
INSERT OR REPLACE INTO survey_answers (id, response_id, question_id, answer_text, answer_numeric, answer_boolean, answer_date, is_empty, created_at) VALUES (456, 19, 111, 'Shaina Wasserman', NULL, NULL, NULL, 0, '2025-09-23 20:34:22');
INSERT OR REPLACE INTO survey_answers (id, response_id, question_id, answer_text, answer_numeric, answer_boolean, answer_date, is_empty, created_at) VALUES (457, 19, 112, 'Safety, Respect, Equity Network', NULL, NULL, NULL, 0, '2025-09-23 20:34:22');
INSERT OR REPLACE INTO survey_answers (id, response_id, question_id, answer_text, answer_numeric, answer_boolean, answer_date, is_empty, created_at) VALUES (458, 19, 113, 'Individual Use: A limited number of staff are using AI tools to streamline their work, but there is no coordinated organizational approach.', NULL, NULL, NULL, 0, '2025-09-23 20:34:22');
INSERT OR REPLACE INTO survey_answers (id, response_id, question_id, answer_text, answer_numeric, answer_boolean, answer_date, is_empty, created_at) VALUES (459, 19, 114, '16770051', 16770051.0, NULL, NULL, 0, '2025-09-23 20:34:22');
INSERT OR REPLACE INTO survey_answers (id, response_id, question_id, answer_text, answer_numeric, answer_boolean, answer_date, is_empty, created_at) VALUES (460, 19, 115, 'N/A', NULL, NULL, NULL, 0, '2025-09-23 20:34:22');
INSERT OR REPLACE INTO survey_answers (id, response_id, question_id, answer_text, answer_numeric, answer_boolean, answer_date, is_empty, created_at) VALUES (461, 19, 116, 'Senior Director of Strategic Operations', NULL, NULL, NULL, 0, '2025-09-23 20:34:22');
INSERT OR REPLACE INTO survey_answers (id, response_id, question_id, answer_text, answer_numeric, answer_boolean, answer_date, is_empty, created_at) VALUES (462, 19, 117, '2025-09-22 12:39:42', NULL, NULL, NULL, 0, '2025-09-23 20:34:22');
INSERT OR REPLACE INTO survey_answers (id, response_id, question_id, answer_text, answer_numeric, answer_boolean, answer_date, is_empty, created_at) VALUES (463, 19, 118, 'Complete', NULL, NULL, NULL, 0, '2025-09-23 20:34:22');
INSERT OR REPLACE INTO survey_answers (id, response_id, question_id, answer_text, answer_numeric, answer_boolean, answer_date, is_empty, created_at) VALUES (464, 19, 119, '73.8.216.76', NULL, NULL, NULL, 0, '2025-09-23 20:34:22');
INSERT OR REPLACE INTO survey_answers (id, response_id, question_id, answer_text, answer_numeric, answer_boolean, answer_date, is_empty, created_at) VALUES (465, 19, 120, 'In 1 - 3 months', NULL, NULL, NULL, 0, '2025-09-23 20:34:22');
INSERT OR REPLACE INTO survey_answers (id, response_id, question_id, answer_text, answer_numeric, answer_boolean, answer_date, is_empty, created_at) VALUES (675, 25, 1, NULL, NULL, NULL, NULL, 1, '2025-09-23 21:14:49');
INSERT OR REPLACE INTO survey_answers (id, response_id, question_id, answer_text, answer_numeric, answer_boolean, answer_date, is_empty, created_at) VALUES (676, 25, 2, NULL, NULL, NULL, NULL, 1, '2025-09-23 21:14:49');
INSERT OR REPLACE INTO survey_answers (id, response_id, question_id, answer_text, answer_numeric, answer_boolean, answer_date, is_empty, created_at) VALUES (677, 25, 3, NULL, NULL, NULL, NULL, 1, '2025-09-23 21:14:49');
INSERT OR REPLACE INTO survey_answers (id, response_id, question_id, answer_text, answer_numeric, answer_boolean, answer_date, is_empty, created_at) VALUES (678, 25, 4, NULL, NULL, NULL, NULL, 1, '2025-09-23 21:14:49');
INSERT OR REPLACE INTO survey_answers (id, response_id, question_id, answer_text, answer_numeric, answer_boolean, answer_date, is_empty, created_at) VALUES (679, 25, 5, NULL, NULL, NULL, NULL, 1, '2025-09-23 21:14:49');
INSERT OR REPLACE INTO survey_answers (id, response_id, question_id, answer_text, answer_numeric, answer_boolean, answer_date, is_empty, created_at) VALUES (680, 25, 6, 'Tableau', NULL, NULL, NULL, 0, '2025-09-23 21:14:49');
INSERT OR REPLACE INTO survey_answers (id, response_id, question_id, answer_text, answer_numeric, answer_boolean, answer_date, is_empty, created_at) VALUES (681, 25, 7, '0', 0.0, 0, NULL, 0, '2025-09-23 21:14:49');
INSERT OR REPLACE INTO survey_answers (id, response_id, question_id, answer_text, answer_numeric, answer_boolean, answer_date, is_empty, created_at) VALUES (682, 25, 8, '2026', 2026.0, NULL, NULL, 0, '2025-09-23 21:14:49');
INSERT OR REPLACE INTO survey_answers (id, response_id, question_id, answer_text, answer_numeric, answer_boolean, answer_date, is_empty, created_at) VALUES (683, 25, 9, '4', 4.0, NULL, NULL, 0, '2025-09-23 21:14:49');
INSERT OR REPLACE INTO survey_answers (id, response_id, question_id, answer_text, answer_numeric, answer_boolean, answer_date, is_empty, created_at) VALUES (684, 25, 10, '2', 2.0, NULL, NULL, 0, '2025-09-23 21:14:49');
INSERT OR REPLACE INTO survey_answers (id, response_id, question_id, answer_text, answer_numeric, answer_boolean, answer_date, is_empty, created_at) VALUES (685, 25, 11, '100,000', NULL, NULL, NULL, 0, '2025-09-23 21:14:49');
INSERT OR REPLACE INTO survey_answers (id, response_id, question_id, answer_text, answer_numeric, answer_boolean, answer_date, is_empty, created_at) VALUES (686, 25, 12, '6', 6.0, NULL, NULL, 0, '2025-09-23 21:14:49');
INSERT OR REPLACE INTO survey_answers (id, response_id, question_id, answer_text, answer_numeric, answer_boolean, answer_date, is_empty, created_at) VALUES (687, 25, 13, '2026', 2026.0, NULL, NULL, 0, '2025-09-23 21:14:49');
INSERT OR REPLACE INTO survey_answers (id, response_id, question_id, answer_text, answer_numeric, answer_boolean, answer_date, is_empty, created_at) VALUES (688, 25, 14, 'Salesforce', NULL, NULL, NULL, 0, '2025-09-23 21:14:49');
INSERT OR REPLACE INTO survey_answers (id, response_id, question_id, answer_text, answer_numeric, answer_boolean, answer_date, is_empty, created_at) VALUES (689, 25, 15, '2', 2.0, NULL, NULL, 0, '2025-09-23 21:14:49');
INSERT OR REPLACE INTO survey_answers (id, response_id, question_id, answer_text, answer_numeric, answer_boolean, answer_date, is_empty, created_at) VALUES (690, 25, 16, '28', 28.0, NULL, NULL, 0, '2025-09-23 21:14:49');
INSERT OR REPLACE INTO survey_answers (id, response_id, question_id, answer_text, answer_numeric, answer_boolean, answer_date, is_empty, created_at) VALUES (691, 25, 17, '0', 0.0, 0, NULL, 0, '2025-09-23 21:14:49');
INSERT OR REPLACE INTO survey_answers (id, response_id, question_id, answer_text, answer_numeric, answer_boolean, answer_date, is_empty, created_at) VALUES (692, 25, 18, '2025', 2025.0, NULL, NULL, 0, '2025-09-23 21:14:49');
INSERT OR REPLACE INTO survey_answers (id, response_id, question_id, answer_text, answer_numeric, answer_boolean, answer_date, is_empty, created_at) VALUES (693, 25, 19, 'Slack', NULL, NULL, NULL, 0, '2025-09-23 21:14:49');
INSERT OR REPLACE INTO survey_answers (id, response_id, question_id, answer_text, answer_numeric, answer_boolean, answer_date, is_empty, created_at) VALUES (694, 25, 20, '4', 4.0, NULL, NULL, 0, '2025-09-23 21:14:49');
INSERT OR REPLACE INTO survey_answers (id, response_id, question_id, answer_text, answer_numeric, answer_boolean, answer_date, is_empty, created_at) VALUES (695, 25, 21, '28', 28.0, NULL, NULL, 0, '2025-09-23 21:14:49');
INSERT OR REPLACE INTO survey_answers (id, response_id, question_id, answer_text, answer_numeric, answer_boolean, answer_date, is_empty, created_at) VALUES (696, 25, 22, NULL, NULL, NULL, NULL, 1, '2025-09-23 21:14:49');
INSERT OR REPLACE INTO survey_answers (id, response_id, question_id, answer_text, answer_numeric, answer_boolean, answer_date, is_empty, created_at) VALUES (697, 25, 23, NULL, NULL, NULL, NULL, 1, '2025-09-23 21:14:49');
INSERT OR REPLACE INTO survey_answers (id, response_id, question_id, answer_text, answer_numeric, answer_boolean, answer_date, is_empty, created_at) VALUES (698, 25, 24, NULL, NULL, NULL, NULL, 1, '2025-09-23 21:14:49');
INSERT OR REPLACE INTO survey_answers (id, response_id, question_id, answer_text, answer_numeric, answer_boolean, answer_date, is_empty, created_at) VALUES (699, 25, 25, NULL, NULL, NULL, NULL, 1, '2025-09-23 21:14:49');
INSERT OR REPLACE INTO survey_answers (id, response_id, question_id, answer_text, answer_numeric, answer_boolean, answer_date, is_empty, created_at) VALUES (700, 25, 26, NULL, NULL, NULL, NULL, 1, '2025-09-23 21:14:49');
INSERT OR REPLACE INTO survey_answers (id, response_id, question_id, answer_text, answer_numeric, answer_boolean, answer_date, is_empty, created_at) VALUES (701, 25, 27, '2', 2.0, NULL, NULL, 0, '2025-09-23 21:14:49');
INSERT OR REPLACE INTO survey_answers (id, response_id, question_id, answer_text, answer_numeric, answer_boolean, answer_date, is_empty, created_at) VALUES (702, 25, 28, '2', 2.0, NULL, NULL, 0, '2025-09-23 21:14:49');
INSERT OR REPLACE INTO survey_answers (id, response_id, question_id, answer_text, answer_numeric, answer_boolean, answer_date, is_empty, created_at) VALUES (703, 25, 29, 'S', NULL, NULL, NULL, 0, '2025-09-23 21:14:49');
INSERT OR REPLACE INTO survey_answers (id, response_id, question_id, answer_text, answer_numeric, answer_boolean, answer_date, is_empty, created_at) VALUES (704, 25, 30, '2', 2.0, NULL, NULL, 0, '2025-09-23 21:14:49');
INSERT OR REPLACE INTO survey_answers (id, response_id, question_id, answer_text, answer_numeric, answer_boolean, answer_date, is_empty, created_at) VALUES (705, 25, 31, '2', 2.0, NULL, NULL, 0, '2025-09-23 21:14:49');
INSERT OR REPLACE INTO survey_answers (id, response_id, question_id, answer_text, answer_numeric, answer_boolean, answer_date, is_empty, created_at) VALUES (706, 25, 32, '133', 133.0, NULL, NULL, 0, '2025-09-23 21:14:49');
INSERT OR REPLACE INTO survey_answers (id, response_id, question_id, answer_text, answer_numeric, answer_boolean, answer_date, is_empty, created_at) VALUES (707, 25, 33, '2', 2.0, NULL, NULL, 0, '2025-09-23 21:14:49');
INSERT OR REPLACE INTO survey_answers (id, response_id, question_id, answer_text, answer_numeric, answer_boolean, answer_date, is_empty, created_at) VALUES (708, 25, 34, '2', 2.0, NULL, NULL, 0, '2025-09-23 21:14:49');
INSERT OR REPLACE INTO survey_answers (id, response_id, question_id, answer_text, answer_numeric, answer_boolean, answer_date, is_empty, created_at) VALUES (709, 25, 35, 's', NULL, NULL, NULL, 0, '2025-09-23 21:14:49');
INSERT OR REPLACE INTO survey_answers (id, response_id, question_id, answer_text, answer_numeric, answer_boolean, answer_date, is_empty, created_at) VALUES (710, 25, 36, '2', 2.0, NULL, NULL, 0, '2025-09-23 21:14:49');
INSERT OR REPLACE INTO survey_answers (id, response_id, question_id, answer_text, answer_numeric, answer_boolean, answer_date, is_empty, created_at) VALUES (711, 25, 37, '2', 2.0, NULL, NULL, 0, '2025-09-23 21:14:49');
INSERT OR REPLACE INTO survey_answers (id, response_id, question_id, answer_text, answer_numeric, answer_boolean, answer_date, is_empty, created_at) VALUES (712, 25, 38, 'jess@leadingedge.org', NULL, NULL, NULL, 0, '2025-09-23 21:14:49');
INSERT OR REPLACE INTO survey_answers (id, response_id, question_id, answer_text, answer_numeric, answer_boolean, answer_date, is_empty, created_at) VALUES (713, 25, 39, 'none', NULL, NULL, NULL, 0, '2025-09-23 21:14:49');
INSERT OR REPLACE INTO survey_answers (id, response_id, question_id, answer_text, answer_numeric, answer_boolean, answer_date, is_empty, created_at) VALUES (714, 25, 40, '5', 5.0, NULL, NULL, 0, '2025-09-23 21:14:49');
INSERT OR REPLACE INTO survey_answers (id, response_id, question_id, answer_text, answer_numeric, answer_boolean, answer_date, is_empty, created_at) VALUES (715, 25, 41, '4', 4.0, NULL, NULL, 0, '2025-09-23 21:14:49');
INSERT OR REPLACE INTO survey_answers (id, response_id, question_id, answer_text, answer_numeric, answer_boolean, answer_date, is_empty, created_at) VALUES (716, 25, 42, 'f', NULL, NULL, NULL, 0, '2025-09-23 21:14:49');
INSERT OR REPLACE INTO survey_answers (id, response_id, question_id, answer_text, answer_numeric, answer_boolean, answer_date, is_empty, created_at) VALUES (717, 25, 43, '4', 4.0, NULL, NULL, 0, '2025-09-23 21:14:49');
INSERT OR REPLACE INTO survey_answers (id, response_id, question_id, answer_text, answer_numeric, answer_boolean, answer_date, is_empty, created_at) VALUES (718, 25, 44, '5', 5.0, NULL, NULL, 0, '2025-09-23 21:14:49');
INSERT OR REPLACE INTO survey_answers (id, response_id, question_id, answer_text, answer_numeric, answer_boolean, answer_date, is_empty, created_at) VALUES (719, 25, 45, '2', 2.0, NULL, NULL, 0, '2025-09-23 21:14:49');
INSERT OR REPLACE INTO survey_answers (id, response_id, question_id, answer_text, answer_numeric, answer_boolean, answer_date, is_empty, created_at) VALUES (720, 25, 46, '2', 2.0, NULL, NULL, 0, '2025-09-23 21:14:49');
INSERT OR REPLACE INTO survey_answers (id, response_id, question_id, answer_text, answer_numeric, answer_boolean, answer_date, is_empty, created_at) VALUES (721, 25, 47, 's', NULL, NULL, NULL, 0, '2025-09-23 21:14:49');
INSERT OR REPLACE INTO survey_answers (id, response_id, question_id, answer_text, answer_numeric, answer_boolean, answer_date, is_empty, created_at) VALUES (722, 25, 48, '2', 2.0, NULL, NULL, 0, '2025-09-23 21:14:49');
INSERT OR REPLACE INTO survey_answers (id, response_id, question_id, answer_text, answer_numeric, answer_boolean, answer_date, is_empty, created_at) VALUES (723, 25, 49, '2', 2.0, NULL, NULL, 0, '2025-09-23 21:14:49');
INSERT OR REPLACE INTO survey_answers (id, response_id, question_id, answer_text, answer_numeric, answer_boolean, answer_date, is_empty, created_at) VALUES (724, 25, 50, '2025-09-16 16:09:21', NULL, NULL, NULL, 0, '2025-09-23 21:14:49');
INSERT OR REPLACE INTO survey_answers (id, response_id, question_id, answer_text, answer_numeric, answer_boolean, answer_date, is_empty, created_at) VALUES (725, 25, 51, 'Jess', NULL, NULL, NULL, 0, '2025-09-23 21:14:49');
INSERT OR REPLACE INTO survey_answers (id, response_id, question_id, answer_text, answer_numeric, answer_boolean, answer_date, is_empty, created_at) VALUES (726, 25, 52, '4', 4.0, NULL, NULL, 0, '2025-09-23 21:14:49');
INSERT OR REPLACE INTO survey_answers (id, response_id, question_id, answer_text, answer_numeric, answer_boolean, answer_date, is_empty, created_at) VALUES (727, 25, 53, '3', 3.0, NULL, NULL, 0, '2025-09-23 21:14:49');
INSERT OR REPLACE INTO survey_answers (id, response_id, question_id, answer_text, answer_numeric, answer_boolean, answer_date, is_empty, created_at) VALUES (728, 25, 54, 'f', NULL, NULL, NULL, 0, '2025-09-23 21:14:49');
INSERT OR REPLACE INTO survey_answers (id, response_id, question_id, answer_text, answer_numeric, answer_boolean, answer_date, is_empty, created_at) VALUES (729, 25, 55, '6', 6.0, NULL, NULL, 0, '2025-09-23 21:14:49');
INSERT OR REPLACE INTO survey_answers (id, response_id, question_id, answer_text, answer_numeric, answer_boolean, answer_date, is_empty, created_at) VALUES (730, 25, 56, '6', 6.0, NULL, NULL, 0, '2025-09-23 21:14:49');
INSERT OR REPLACE INTO survey_answers (id, response_id, question_id, answer_text, answer_numeric, answer_boolean, answer_date, is_empty, created_at) VALUES (731, 25, 57, '2', 2.0, NULL, NULL, 0, '2025-09-23 21:14:49');
INSERT OR REPLACE INTO survey_answers (id, response_id, question_id, answer_text, answer_numeric, answer_boolean, answer_date, is_empty, created_at) VALUES (732, 25, 58, '2', 2.0, NULL, NULL, 0, '2025-09-23 21:14:49');
INSERT OR REPLACE INTO survey_answers (id, response_id, question_id, answer_text, answer_numeric, answer_boolean, answer_date, is_empty, created_at) VALUES (733, 25, 59, '2', 2.0, NULL, NULL, 0, '2025-09-23 21:14:49');
INSERT OR REPLACE INTO survey_answers (id, response_id, question_id, answer_text, answer_numeric, answer_boolean, answer_date, is_empty, created_at) VALUES (734, 25, 60, '2', 2.0, NULL, NULL, 0, '2025-09-23 21:14:49');
INSERT OR REPLACE INTO survey_answers (id, response_id, question_id, answer_text, answer_numeric, answer_boolean, answer_date, is_empty, created_at) VALUES (735, 25, 61, 'Trinet', NULL, NULL, NULL, 0, '2025-09-23 21:14:49');
INSERT OR REPLACE INTO survey_answers (id, response_id, question_id, answer_text, answer_numeric, answer_boolean, answer_date, is_empty, created_at) VALUES (736, 25, 62, NULL, NULL, NULL, NULL, 1, '2025-09-23 21:14:49');
INSERT OR REPLACE INTO survey_answers (id, response_id, question_id, answer_text, answer_numeric, answer_boolean, answer_date, is_empty, created_at) VALUES (737, 25, 63, '2', 2.0, NULL, NULL, 0, '2025-09-23 21:14:49');
INSERT OR REPLACE INTO survey_answers (id, response_id, question_id, answer_text, answer_numeric, answer_boolean, answer_date, is_empty, created_at) VALUES (738, 25, 64, NULL, NULL, NULL, NULL, 1, '2025-09-23 21:14:49');
INSERT OR REPLACE INTO survey_answers (id, response_id, question_id, answer_text, answer_numeric, answer_boolean, answer_date, is_empty, created_at) VALUES (739, 25, 65, 'j', NULL, NULL, NULL, 0, '2025-09-23 21:14:49');
INSERT OR REPLACE INTO survey_answers (id, response_id, question_id, answer_text, answer_numeric, answer_boolean, answer_date, is_empty, created_at) VALUES (740, 25, 66, NULL, NULL, NULL, NULL, 1, '2025-09-23 21:14:49');
INSERT OR REPLACE INTO survey_answers (id, response_id, question_id, answer_text, answer_numeric, answer_boolean, answer_date, is_empty, created_at) VALUES (741, 25, 67, '5', 5.0, NULL, NULL, 0, '2025-09-23 21:14:49');
INSERT OR REPLACE INTO survey_answers (id, response_id, question_id, answer_text, answer_numeric, answer_boolean, answer_date, is_empty, created_at) VALUES (742, 25, 68, 'Leading Edge', NULL, NULL, NULL, 0, '2025-09-23 21:14:49');
INSERT OR REPLACE INTO survey_answers (id, response_id, question_id, answer_text, answer_numeric, answer_boolean, answer_date, is_empty, created_at) VALUES (743, 25, 69, NULL, NULL, NULL, NULL, 1, '2025-09-23 21:14:49');
INSERT OR REPLACE INTO survey_answers (id, response_id, question_id, answer_text, answer_numeric, answer_boolean, answer_date, is_empty, created_at) VALUES (744, 25, 70, NULL, NULL, NULL, NULL, 1, '2025-09-23 21:14:49');
INSERT OR REPLACE INTO survey_answers (id, response_id, question_id, answer_text, answer_numeric, answer_boolean, answer_date, is_empty, created_at) VALUES (745, 25, 71, NULL, NULL, NULL, NULL, 1, '2025-09-23 21:14:49');
INSERT OR REPLACE INTO survey_answers (id, response_id, question_id, answer_text, answer_numeric, answer_boolean, answer_date, is_empty, created_at) VALUES (746, 25, 72, NULL, NULL, NULL, NULL, 1, '2025-09-23 21:14:49');
INSERT OR REPLACE INTO survey_answers (id, response_id, question_id, answer_text, answer_numeric, answer_boolean, answer_date, is_empty, created_at) VALUES (747, 25, 73, NULL, NULL, NULL, NULL, 1, '2025-09-23 21:14:49');
INSERT OR REPLACE INTO survey_answers (id, response_id, question_id, answer_text, answer_numeric, answer_boolean, answer_date, is_empty, created_at) VALUES (748, 25, 74, '5', 5.0, NULL, NULL, 0, '2025-09-23 21:14:49');
INSERT OR REPLACE INTO survey_answers (id, response_id, question_id, answer_text, answer_numeric, answer_boolean, answer_date, is_empty, created_at) VALUES (749, 25, 75, '2027', 2027.0, NULL, NULL, 0, '2025-09-23 21:14:49');
INSERT OR REPLACE INTO survey_answers (id, response_id, question_id, answer_text, answer_numeric, answer_boolean, answer_date, is_empty, created_at) VALUES (750, 25, 76, 'Microsoft 365', NULL, NULL, NULL, 0, '2025-09-23 21:14:49');
INSERT OR REPLACE INTO survey_answers (id, response_id, question_id, answer_text, answer_numeric, answer_boolean, answer_date, is_empty, created_at) VALUES (751, 25, 77, '3', 3.0, NULL, NULL, 0, '2025-09-23 21:14:49');
INSERT OR REPLACE INTO survey_answers (id, response_id, question_id, answer_text, answer_numeric, answer_boolean, answer_date, is_empty, created_at) VALUES (752, 25, 78, '28', 28.0, NULL, NULL, 0, '2025-09-23 21:14:49');
INSERT OR REPLACE INTO survey_answers (id, response_id, question_id, answer_text, answer_numeric, answer_boolean, answer_date, is_empty, created_at) VALUES (753, 25, 79, '16749275', 16749275.0, NULL, NULL, 0, '2025-09-23 21:14:49');
INSERT OR REPLACE INTO survey_answers (id, response_id, question_id, answer_text, answer_numeric, answer_boolean, answer_date, is_empty, created_at) VALUES (754, 25, 80, 'N/A', NULL, NULL, NULL, 0, '2025-09-23 21:14:49');
INSERT OR REPLACE INTO survey_answers (id, response_id, question_id, answer_text, answer_numeric, answer_boolean, answer_date, is_empty, created_at) VALUES (755, 25, 81, 'Manager', NULL, NULL, NULL, 0, '2025-09-23 21:14:49');
INSERT OR REPLACE INTO survey_answers (id, response_id, question_id, answer_text, answer_numeric, answer_boolean, answer_date, is_empty, created_at) VALUES (756, 25, 82, NULL, NULL, NULL, NULL, 1, '2025-09-23 21:14:49');
INSERT OR REPLACE INTO survey_answers (id, response_id, question_id, answer_text, answer_numeric, answer_boolean, answer_date, is_empty, created_at) VALUES (757, 25, 83, NULL, NULL, NULL, NULL, 1, '2025-09-23 21:14:49');
INSERT OR REPLACE INTO survey_answers (id, response_id, question_id, answer_text, answer_numeric, answer_boolean, answer_date, is_empty, created_at) VALUES (758, 25, 84, NULL, NULL, NULL, NULL, 1, '2025-09-23 21:14:49');
INSERT OR REPLACE INTO survey_answers (id, response_id, question_id, answer_text, answer_numeric, answer_boolean, answer_date, is_empty, created_at) VALUES (759, 25, 85, NULL, NULL, NULL, NULL, 1, '2025-09-23 21:14:49');
INSERT OR REPLACE INTO survey_answers (id, response_id, question_id, answer_text, answer_numeric, answer_boolean, answer_date, is_empty, created_at) VALUES (760, 25, 86, NULL, NULL, NULL, NULL, 1, '2025-09-23 21:14:49');
INSERT OR REPLACE INTO survey_answers (id, response_id, question_id, answer_text, answer_numeric, answer_boolean, answer_date, is_empty, created_at) VALUES (761, 25, 87, '2025-09-16 16:07:08', NULL, NULL, NULL, 0, '2025-09-23 21:14:49');
INSERT OR REPLACE INTO survey_answers (id, response_id, question_id, answer_text, answer_numeric, answer_boolean, answer_date, is_empty, created_at) VALUES (762, 25, 88, 'Complete', NULL, NULL, NULL, 0, '2025-09-23 21:14:49');
INSERT OR REPLACE INTO survey_answers (id, response_id, question_id, answer_text, answer_numeric, answer_boolean, answer_date, is_empty, created_at) VALUES (763, 25, 89, '2', 2.0, NULL, NULL, 0, '2025-09-23 21:14:49');
INSERT OR REPLACE INTO survey_answers (id, response_id, question_id, answer_text, answer_numeric, answer_boolean, answer_date, is_empty, created_at) VALUES (764, 25, 90, '2', 2.0, NULL, NULL, 0, '2025-09-23 21:14:49');
INSERT OR REPLACE INTO survey_answers (id, response_id, question_id, answer_text, answer_numeric, answer_boolean, answer_date, is_empty, created_at) VALUES (765, 25, 91, 's', NULL, NULL, NULL, 0, '2025-09-23 21:14:49');
INSERT OR REPLACE INTO survey_answers (id, response_id, question_id, answer_text, answer_numeric, answer_boolean, answer_date, is_empty, created_at) VALUES (766, 25, 92, '2', 2.0, NULL, NULL, 0, '2025-09-23 21:14:49');
INSERT OR REPLACE INTO survey_answers (id, response_id, question_id, answer_text, answer_numeric, answer_boolean, answer_date, is_empty, created_at) VALUES (767, 25, 93, '2', 2.0, NULL, NULL, 0, '2025-09-23 21:14:49');
INSERT OR REPLACE INTO survey_answers (id, response_id, question_id, answer_text, answer_numeric, answer_boolean, answer_date, is_empty, created_at) VALUES (768, 25, 94, '73.209.29.9', NULL, NULL, NULL, 0, '2025-09-23 21:14:49');
INSERT OR REPLACE INTO survey_answers (id, response_id, question_id, answer_text, answer_numeric, answer_boolean, answer_date, is_empty, created_at) VALUES (769, 25, 95, 'none', NULL, NULL, NULL, 0, '2025-09-23 21:14:49');
INSERT OR REPLACE INTO survey_answers (id, response_id, question_id, answer_text, answer_numeric, answer_boolean, answer_date, is_empty, created_at) VALUES (770, 25, 96, NULL, NULL, NULL, NULL, 1, '2025-09-23 21:14:49');
INSERT OR REPLACE INTO survey_answers (id, response_id, question_id, answer_text, answer_numeric, answer_boolean, answer_date, is_empty, created_at) VALUES (771, 25, 97, '2', 2.0, NULL, NULL, 0, '2025-09-23 21:14:49');
INSERT OR REPLACE INTO survey_answers (id, response_id, question_id, answer_text, answer_numeric, answer_boolean, answer_date, is_empty, created_at) VALUES (772, 25, 98, 's', NULL, NULL, NULL, 0, '2025-09-23 21:14:49');
INSERT OR REPLACE INTO survey_answers (id, response_id, question_id, answer_text, answer_numeric, answer_boolean, answer_date, is_empty, created_at) VALUES (773, 25, 99, '2', 2.0, NULL, NULL, 0, '2025-09-23 21:14:49');
INSERT OR REPLACE INTO survey_answers (id, response_id, question_id, answer_text, answer_numeric, answer_boolean, answer_date, is_empty, created_at) VALUES (774, 25, 100, '2', 2.0, NULL, NULL, 0, '2025-09-23 21:14:49');
INSERT OR REPLACE INTO survey_answers (id, response_id, question_id, answer_text, answer_numeric, answer_boolean, answer_date, is_empty, created_at) VALUES (775, 25, 101, NULL, NULL, NULL, NULL, 1, '2025-09-23 21:14:49');
INSERT OR REPLACE INTO survey_answers (id, response_id, question_id, answer_text, answer_numeric, answer_boolean, answer_date, is_empty, created_at) VALUES (776, 25, 102, NULL, NULL, NULL, NULL, 1, '2025-09-23 21:14:49');
INSERT OR REPLACE INTO survey_answers (id, response_id, question_id, answer_text, answer_numeric, answer_boolean, answer_date, is_empty, created_at) VALUES (777, 25, 103, NULL, NULL, NULL, NULL, 1, '2025-09-23 21:14:49');
INSERT OR REPLACE INTO survey_answers (id, response_id, question_id, answer_text, answer_numeric, answer_boolean, answer_date, is_empty, created_at) VALUES (778, 25, 104, NULL, NULL, NULL, NULL, 1, '2025-09-23 21:14:49');
INSERT OR REPLACE INTO survey_answers (id, response_id, question_id, answer_text, answer_numeric, answer_boolean, answer_date, is_empty, created_at) VALUES (779, 25, 105, NULL, NULL, NULL, NULL, 1, '2025-09-23 21:14:49');
INSERT OR REPLACE INTO survey_answers (id, response_id, question_id, answer_text, answer_numeric, answer_boolean, answer_date, is_empty, created_at) VALUES (780, 26, 1, NULL, NULL, NULL, NULL, 1, '2025-09-23 21:14:49');
INSERT OR REPLACE INTO survey_answers (id, response_id, question_id, answer_text, answer_numeric, answer_boolean, answer_date, is_empty, created_at) VALUES (781, 26, 2, NULL, NULL, NULL, NULL, 1, '2025-09-23 21:14:49');
INSERT OR REPLACE INTO survey_answers (id, response_id, question_id, answer_text, answer_numeric, answer_boolean, answer_date, is_empty, created_at) VALUES (782, 26, 3, NULL, NULL, NULL, NULL, 1, '2025-09-23 21:14:49');
INSERT OR REPLACE INTO survey_answers (id, response_id, question_id, answer_text, answer_numeric, answer_boolean, answer_date, is_empty, created_at) VALUES (783, 26, 4, NULL, NULL, NULL, NULL, 1, '2025-09-23 21:14:49');
INSERT OR REPLACE INTO survey_answers (id, response_id, question_id, answer_text, answer_numeric, answer_boolean, answer_date, is_empty, created_at) VALUES (784, 26, 5, NULL, NULL, NULL, NULL, 1, '2025-09-23 21:14:49');
INSERT OR REPLACE INTO survey_answers (id, response_id, question_id, answer_text, answer_numeric, answer_boolean, answer_date, is_empty, created_at) VALUES (785, 26, 6, NULL, NULL, NULL, NULL, 1, '2025-09-23 21:14:49');
INSERT OR REPLACE INTO survey_answers (id, response_id, question_id, answer_text, answer_numeric, answer_boolean, answer_date, is_empty, created_at) VALUES (786, 26, 7, NULL, NULL, NULL, NULL, 1, '2025-09-23 21:14:49');
INSERT OR REPLACE INTO survey_answers (id, response_id, question_id, answer_text, answer_numeric, answer_boolean, answer_date, is_empty, created_at) VALUES (787, 26, 8, NULL, NULL, NULL, NULL, 1, '2025-09-23 21:14:49');
INSERT OR REPLACE INTO survey_answers (id, response_id, question_id, answer_text, answer_numeric, answer_boolean, answer_date, is_empty, created_at) VALUES (788, 26, 9, NULL, NULL, NULL, NULL, 1, '2025-09-23 21:14:49');
INSERT OR REPLACE INTO survey_answers (id, response_id, question_id, answer_text, answer_numeric, answer_boolean, answer_date, is_empty, created_at) VALUES (789, 26, 10, NULL, NULL, NULL, NULL, 1, '2025-09-23 21:14:49');
INSERT OR REPLACE INTO survey_answers (id, response_id, question_id, answer_text, answer_numeric, answer_boolean, answer_date, is_empty, created_at) VALUES (790, 26, 11, '12345', 12345.0, NULL, NULL, 0, '2025-09-23 21:14:49');
INSERT OR REPLACE INTO survey_answers (id, response_id, question_id, answer_text, answer_numeric, answer_boolean, answer_date, is_empty, created_at) VALUES (791, 26, 12, NULL, NULL, NULL, NULL, 1, '2025-09-23 21:14:49');
INSERT OR REPLACE INTO survey_answers (id, response_id, question_id, answer_text, answer_numeric, answer_boolean, answer_date, is_empty, created_at) VALUES (792, 26, 13, NULL, NULL, NULL, NULL, 1, '2025-09-23 21:14:49');
INSERT OR REPLACE INTO survey_answers (id, response_id, question_id, answer_text, answer_numeric, answer_boolean, answer_date, is_empty, created_at) VALUES (793, 26, 14, NULL, NULL, NULL, NULL, 1, '2025-09-23 21:14:49');
INSERT OR REPLACE INTO survey_answers (id, response_id, question_id, answer_text, answer_numeric, answer_boolean, answer_date, is_empty, created_at) VALUES (794, 26, 15, NULL, NULL, NULL, NULL, 1, '2025-09-23 21:14:49');
INSERT OR REPLACE INTO survey_answers (id, response_id, question_id, answer_text, answer_numeric, answer_boolean, answer_date, is_empty, created_at) VALUES (795, 26, 16, NULL, NULL, NULL, NULL, 1, '2025-09-23 21:14:49');
INSERT OR REPLACE INTO survey_answers (id, response_id, question_id, answer_text, answer_numeric, answer_boolean, answer_date, is_empty, created_at) VALUES (796, 26, 17, NULL, NULL, NULL, NULL, 1, '2025-09-23 21:14:49');
INSERT OR REPLACE INTO survey_answers (id, response_id, question_id, answer_text, answer_numeric, answer_boolean, answer_date, is_empty, created_at) VALUES (797, 26, 18, NULL, NULL, NULL, NULL, 1, '2025-09-23 21:14:49');
INSERT OR REPLACE INTO survey_answers (id, response_id, question_id, answer_text, answer_numeric, answer_boolean, answer_date, is_empty, created_at) VALUES (798, 26, 19, NULL, NULL, NULL, NULL, 1, '2025-09-23 21:14:49');
INSERT OR REPLACE INTO survey_answers (id, response_id, question_id, answer_text, answer_numeric, answer_boolean, answer_date, is_empty, created_at) VALUES (799, 26, 20, NULL, NULL, NULL, NULL, 1, '2025-09-23 21:14:49');
INSERT OR REPLACE INTO survey_answers (id, response_id, question_id, answer_text, answer_numeric, answer_boolean, answer_date, is_empty, created_at) VALUES (800, 26, 21, NULL, NULL, NULL, NULL, 1, '2025-09-23 21:14:49');
INSERT OR REPLACE INTO survey_answers (id, response_id, question_id, answer_text, answer_numeric, answer_boolean, answer_date, is_empty, created_at) VALUES (801, 26, 22, NULL, NULL, NULL, NULL, 1, '2025-09-23 21:14:49');
INSERT OR REPLACE INTO survey_answers (id, response_id, question_id, answer_text, answer_numeric, answer_boolean, answer_date, is_empty, created_at) VALUES (802, 26, 23, NULL, NULL, NULL, NULL, 1, '2025-09-23 21:14:49');
INSERT OR REPLACE INTO survey_answers (id, response_id, question_id, answer_text, answer_numeric, answer_boolean, answer_date, is_empty, created_at) VALUES (803, 26, 24, NULL, NULL, NULL, NULL, 1, '2025-09-23 21:14:49');
INSERT OR REPLACE INTO survey_answers (id, response_id, question_id, answer_text, answer_numeric, answer_boolean, answer_date, is_empty, created_at) VALUES (804, 26, 25, NULL, NULL, NULL, NULL, 1, '2025-09-23 21:14:49');
INSERT OR REPLACE INTO survey_answers (id, response_id, question_id, answer_text, answer_numeric, answer_boolean, answer_date, is_empty, created_at) VALUES (805, 26, 26, NULL, NULL, NULL, NULL, 1, '2025-09-23 21:14:49');
INSERT OR REPLACE INTO survey_answers (id, response_id, question_id, answer_text, answer_numeric, answer_boolean, answer_date, is_empty, created_at) VALUES (806, 26, 27, NULL, NULL, NULL, NULL, 1, '2025-09-23 21:14:49');
INSERT OR REPLACE INTO survey_answers (id, response_id, question_id, answer_text, answer_numeric, answer_boolean, answer_date, is_empty, created_at) VALUES (807, 26, 28, NULL, NULL, NULL, NULL, 1, '2025-09-23 21:14:49');
INSERT OR REPLACE INTO survey_answers (id, response_id, question_id, answer_text, answer_numeric, answer_boolean, answer_date, is_empty, created_at) VALUES (808, 26, 29, NULL, NULL, NULL, NULL, 1, '2025-09-23 21:14:49');
INSERT OR REPLACE INTO survey_answers (id, response_id, question_id, answer_text, answer_numeric, answer_boolean, answer_date, is_empty, created_at) VALUES (809, 26, 30, NULL, NULL, NULL, NULL, 1, '2025-09-23 21:14:49');
INSERT OR REPLACE INTO survey_answers (id, response_id, question_id, answer_text, answer_numeric, answer_boolean, answer_date, is_empty, created_at) VALUES (810, 26, 31, NULL, NULL, NULL, NULL, 1, '2025-09-23 21:14:49');
INSERT OR REPLACE INTO survey_answers (id, response_id, question_id, answer_text, answer_numeric, answer_boolean, answer_date, is_empty, created_at) VALUES (811, 26, 32, '112', 112.0, NULL, NULL, 0, '2025-09-23 21:14:49');
INSERT OR REPLACE INTO survey_answers (id, response_id, question_id, answer_text, answer_numeric, answer_boolean, answer_date, is_empty, created_at) VALUES (812, 26, 33, NULL, NULL, NULL, NULL, 1, '2025-09-23 21:14:49');
INSERT OR REPLACE INTO survey_answers (id, response_id, question_id, answer_text, answer_numeric, answer_boolean, answer_date, is_empty, created_at) VALUES (813, 26, 34, NULL, NULL, NULL, NULL, 1, '2025-09-23 21:14:49');
INSERT OR REPLACE INTO survey_answers (id, response_id, question_id, answer_text, answer_numeric, answer_boolean, answer_date, is_empty, created_at) VALUES (814, 26, 35, NULL, NULL, NULL, NULL, 1, '2025-09-23 21:14:49');
INSERT OR REPLACE INTO survey_answers (id, response_id, question_id, answer_text, answer_numeric, answer_boolean, answer_date, is_empty, created_at) VALUES (815, 26, 36, NULL, NULL, NULL, NULL, 1, '2025-09-23 21:14:49');
INSERT OR REPLACE INTO survey_answers (id, response_id, question_id, answer_text, answer_numeric, answer_boolean, answer_date, is_empty, created_at) VALUES (816, 26, 37, NULL, NULL, NULL, NULL, 1, '2025-09-23 21:14:49');
INSERT OR REPLACE INTO survey_answers (id, response_id, question_id, answer_text, answer_numeric, answer_boolean, answer_date, is_empty, created_at) VALUES (817, 26, 38, 'david@goodman.us.com', NULL, NULL, NULL, 0, '2025-09-23 21:14:49');
INSERT OR REPLACE INTO survey_answers (id, response_id, question_id, answer_text, answer_numeric, answer_boolean, answer_date, is_empty, created_at) VALUES (818, 26, 39, 'david@goodman.us.com', NULL, NULL, NULL, 0, '2025-09-23 21:14:49');
INSERT OR REPLACE INTO survey_answers (id, response_id, question_id, answer_text, answer_numeric, answer_boolean, answer_date, is_empty, created_at) VALUES (819, 26, 40, NULL, NULL, NULL, NULL, 1, '2025-09-23 21:14:49');
INSERT OR REPLACE INTO survey_answers (id, response_id, question_id, answer_text, answer_numeric, answer_boolean, answer_date, is_empty, created_at) VALUES (820, 26, 41, NULL, NULL, NULL, NULL, 1, '2025-09-23 21:14:49');
INSERT OR REPLACE INTO survey_answers (id, response_id, question_id, answer_text, answer_numeric, answer_boolean, answer_date, is_empty, created_at) VALUES (821, 26, 42, NULL, NULL, NULL, NULL, 1, '2025-09-23 21:14:49');
INSERT OR REPLACE INTO survey_answers (id, response_id, question_id, answer_text, answer_numeric, answer_boolean, answer_date, is_empty, created_at) VALUES (822, 26, 43, NULL, NULL, NULL, NULL, 1, '2025-09-23 21:14:49');
INSERT OR REPLACE INTO survey_answers (id, response_id, question_id, answer_text, answer_numeric, answer_boolean, answer_date, is_empty, created_at) VALUES (823, 26, 44, NULL, NULL, NULL, NULL, 1, '2025-09-23 21:14:49');
INSERT OR REPLACE INTO survey_answers (id, response_id, question_id, answer_text, answer_numeric, answer_boolean, answer_date, is_empty, created_at) VALUES (824, 26, 45, NULL, NULL, NULL, NULL, 1, '2025-09-23 21:14:49');
INSERT OR REPLACE INTO survey_answers (id, response_id, question_id, answer_text, answer_numeric, answer_boolean, answer_date, is_empty, created_at) VALUES (825, 26, 46, NULL, NULL, NULL, NULL, 1, '2025-09-23 21:14:49');
INSERT OR REPLACE INTO survey_answers (id, response_id, question_id, answer_text, answer_numeric, answer_boolean, answer_date, is_empty, created_at) VALUES (826, 26, 47, NULL, NULL, NULL, NULL, 1, '2025-09-23 21:14:49');
INSERT OR REPLACE INTO survey_answers (id, response_id, question_id, answer_text, answer_numeric, answer_boolean, answer_date, is_empty, created_at) VALUES (827, 26, 48, NULL, NULL, NULL, NULL, 1, '2025-09-23 21:14:49');
INSERT OR REPLACE INTO survey_answers (id, response_id, question_id, answer_text, answer_numeric, answer_boolean, answer_date, is_empty, created_at) VALUES (828, 26, 49, NULL, NULL, NULL, NULL, 1, '2025-09-23 21:14:49');
INSERT OR REPLACE INTO survey_answers (id, response_id, question_id, answer_text, answer_numeric, answer_boolean, answer_date, is_empty, created_at) VALUES (829, 26, 50, '2025-09-16 20:41:02', NULL, NULL, NULL, 0, '2025-09-23 21:14:49');
INSERT OR REPLACE INTO survey_answers (id, response_id, question_id, answer_text, answer_numeric, answer_boolean, answer_date, is_empty, created_at) VALUES (830, 26, 51, 'David', NULL, NULL, NULL, 0, '2025-09-23 21:14:49');
INSERT OR REPLACE INTO survey_answers (id, response_id, question_id, answer_text, answer_numeric, answer_boolean, answer_date, is_empty, created_at) VALUES (831, 26, 52, NULL, NULL, NULL, NULL, 1, '2025-09-23 21:14:49');
INSERT OR REPLACE INTO survey_answers (id, response_id, question_id, answer_text, answer_numeric, answer_boolean, answer_date, is_empty, created_at) VALUES (832, 26, 53, NULL, NULL, NULL, NULL, 1, '2025-09-23 21:14:49');
INSERT OR REPLACE INTO survey_answers (id, response_id, question_id, answer_text, answer_numeric, answer_boolean, answer_date, is_empty, created_at) VALUES (833, 26, 54, NULL, NULL, NULL, NULL, 1, '2025-09-23 21:14:49');
INSERT OR REPLACE INTO survey_answers (id, response_id, question_id, answer_text, answer_numeric, answer_boolean, answer_date, is_empty, created_at) VALUES (834, 26, 55, NULL, NULL, NULL, NULL, 1, '2025-09-23 21:14:49');
INSERT OR REPLACE INTO survey_answers (id, response_id, question_id, answer_text, answer_numeric, answer_boolean, answer_date, is_empty, created_at) VALUES (835, 26, 56, NULL, NULL, NULL, NULL, 1, '2025-09-23 21:14:49');
INSERT OR REPLACE INTO survey_answers (id, response_id, question_id, answer_text, answer_numeric, answer_boolean, answer_date, is_empty, created_at) VALUES (836, 26, 57, NULL, NULL, NULL, NULL, 1, '2025-09-23 21:14:49');
INSERT OR REPLACE INTO survey_answers (id, response_id, question_id, answer_text, answer_numeric, answer_boolean, answer_date, is_empty, created_at) VALUES (837, 26, 58, NULL, NULL, NULL, NULL, 1, '2025-09-23 21:14:49');
INSERT OR REPLACE INTO survey_answers (id, response_id, question_id, answer_text, answer_numeric, answer_boolean, answer_date, is_empty, created_at) VALUES (838, 26, 59, NULL, NULL, NULL, NULL, 1, '2025-09-23 21:14:49');
INSERT OR REPLACE INTO survey_answers (id, response_id, question_id, answer_text, answer_numeric, answer_boolean, answer_date, is_empty, created_at) VALUES (839, 26, 60, NULL, NULL, NULL, NULL, 1, '2025-09-23 21:14:49');
INSERT OR REPLACE INTO survey_answers (id, response_id, question_id, answer_text, answer_numeric, answer_boolean, answer_date, is_empty, created_at) VALUES (840, 26, 61, NULL, NULL, NULL, NULL, 1, '2025-09-23 21:14:49');
INSERT OR REPLACE INTO survey_answers (id, response_id, question_id, answer_text, answer_numeric, answer_boolean, answer_date, is_empty, created_at) VALUES (841, 26, 62, NULL, NULL, NULL, NULL, 1, '2025-09-23 21:14:49');
INSERT OR REPLACE INTO survey_answers (id, response_id, question_id, answer_text, answer_numeric, answer_boolean, answer_date, is_empty, created_at) VALUES (842, 26, 63, NULL, NULL, NULL, NULL, 1, '2025-09-23 21:14:49');
INSERT OR REPLACE INTO survey_answers (id, response_id, question_id, answer_text, answer_numeric, answer_boolean, answer_date, is_empty, created_at) VALUES (843, 26, 64, NULL, NULL, NULL, NULL, 1, '2025-09-23 21:14:49');
INSERT OR REPLACE INTO survey_answers (id, response_id, question_id, answer_text, answer_numeric, answer_boolean, answer_date, is_empty, created_at) VALUES (844, 26, 65, NULL, NULL, NULL, NULL, 1, '2025-09-23 21:14:49');
INSERT OR REPLACE INTO survey_answers (id, response_id, question_id, answer_text, answer_numeric, answer_boolean, answer_date, is_empty, created_at) VALUES (845, 26, 66, NULL, NULL, NULL, NULL, 1, '2025-09-23 21:14:49');
INSERT OR REPLACE INTO survey_answers (id, response_id, question_id, answer_text, answer_numeric, answer_boolean, answer_date, is_empty, created_at) VALUES (846, 26, 67, NULL, NULL, NULL, NULL, 1, '2025-09-23 21:14:49');
INSERT OR REPLACE INTO survey_answers (id, response_id, question_id, answer_text, answer_numeric, answer_boolean, answer_date, is_empty, created_at) VALUES (847, 26, 68, 'Assembly / IYUN', NULL, NULL, NULL, 0, '2025-09-23 21:14:49');
INSERT OR REPLACE INTO survey_answers (id, response_id, question_id, answer_text, answer_numeric, answer_boolean, answer_date, is_empty, created_at) VALUES (848, 26, 69, NULL, NULL, NULL, NULL, 1, '2025-09-23 21:14:49');
INSERT OR REPLACE INTO survey_answers (id, response_id, question_id, answer_text, answer_numeric, answer_boolean, answer_date, is_empty, created_at) VALUES (849, 26, 70, NULL, NULL, NULL, NULL, 1, '2025-09-23 21:14:49');
INSERT OR REPLACE INTO survey_answers (id, response_id, question_id, answer_text, answer_numeric, answer_boolean, answer_date, is_empty, created_at) VALUES (850, 26, 71, NULL, NULL, NULL, NULL, 1, '2025-09-23 21:14:49');
INSERT OR REPLACE INTO survey_answers (id, response_id, question_id, answer_text, answer_numeric, answer_boolean, answer_date, is_empty, created_at) VALUES (851, 26, 72, NULL, NULL, NULL, NULL, 1, '2025-09-23 21:14:49');
INSERT OR REPLACE INTO survey_answers (id, response_id, question_id, answer_text, answer_numeric, answer_boolean, answer_date, is_empty, created_at) VALUES (852, 26, 73, NULL, NULL, NULL, NULL, 1, '2025-09-23 21:14:49');
INSERT OR REPLACE INTO survey_answers (id, response_id, question_id, answer_text, answer_numeric, answer_boolean, answer_date, is_empty, created_at) VALUES (853, 26, 74, '12345', 12345.0, NULL, NULL, 0, '2025-09-23 21:14:49');
INSERT OR REPLACE INTO survey_answers (id, response_id, question_id, answer_text, answer_numeric, answer_boolean, answer_date, is_empty, created_at) VALUES (854, 26, 75, '1/2/25', NULL, NULL, NULL, 0, '2025-09-23 21:14:49');
INSERT OR REPLACE INTO survey_answers (id, response_id, question_id, answer_text, answer_numeric, answer_boolean, answer_date, is_empty, created_at) VALUES (855, 26, 76, 'Salesforce', NULL, NULL, NULL, 0, '2025-09-23 21:14:49');
INSERT OR REPLACE INTO survey_answers (id, response_id, question_id, answer_text, answer_numeric, answer_boolean, answer_date, is_empty, created_at) VALUES (856, 26, 77, '3', 3.0, NULL, NULL, 0, '2025-09-23 21:14:49');
INSERT OR REPLACE INTO survey_answers (id, response_id, question_id, answer_text, answer_numeric, answer_boolean, answer_date, is_empty, created_at) VALUES (857, 26, 78, '23', 23.0, NULL, NULL, 0, '2025-09-23 21:14:49');
INSERT OR REPLACE INTO survey_answers (id, response_id, question_id, answer_text, answer_numeric, answer_boolean, answer_date, is_empty, created_at) VALUES (858, 26, 79, '16750430', 16750430.0, NULL, NULL, 0, '2025-09-23 21:14:49');
INSERT OR REPLACE INTO survey_answers (id, response_id, question_id, answer_text, answer_numeric, answer_boolean, answer_date, is_empty, created_at) VALUES (859, 26, 80, 'https://accounts.google.com/', NULL, NULL, NULL, 0, '2025-09-23 21:14:49');
INSERT OR REPLACE INTO survey_answers (id, response_id, question_id, answer_text, answer_numeric, answer_boolean, answer_date, is_empty, created_at) VALUES (860, 26, 81, 'David', NULL, NULL, NULL, 0, '2025-09-23 21:14:49');
INSERT OR REPLACE INTO survey_answers (id, response_id, question_id, answer_text, answer_numeric, answer_boolean, answer_date, is_empty, created_at) VALUES (861, 26, 82, NULL, NULL, NULL, NULL, 1, '2025-09-23 21:14:49');
INSERT OR REPLACE INTO survey_answers (id, response_id, question_id, answer_text, answer_numeric, answer_boolean, answer_date, is_empty, created_at) VALUES (862, 26, 83, NULL, NULL, NULL, NULL, 1, '2025-09-23 21:14:49');
INSERT OR REPLACE INTO survey_answers (id, response_id, question_id, answer_text, answer_numeric, answer_boolean, answer_date, is_empty, created_at) VALUES (863, 26, 84, NULL, NULL, NULL, NULL, 1, '2025-09-23 21:14:49');
INSERT OR REPLACE INTO survey_answers (id, response_id, question_id, answer_text, answer_numeric, answer_boolean, answer_date, is_empty, created_at) VALUES (864, 26, 85, NULL, NULL, NULL, NULL, 1, '2025-09-23 21:14:49');
INSERT OR REPLACE INTO survey_answers (id, response_id, question_id, answer_text, answer_numeric, answer_boolean, answer_date, is_empty, created_at) VALUES (865, 26, 86, NULL, NULL, NULL, NULL, 1, '2025-09-23 21:14:49');
INSERT OR REPLACE INTO survey_answers (id, response_id, question_id, answer_text, answer_numeric, answer_boolean, answer_date, is_empty, created_at) VALUES (866, 26, 87, '2025-09-16 20:39:10', NULL, NULL, NULL, 0, '2025-09-23 21:14:49');
INSERT OR REPLACE INTO survey_answers (id, response_id, question_id, answer_text, answer_numeric, answer_boolean, answer_date, is_empty, created_at) VALUES (867, 26, 88, 'Complete', NULL, NULL, NULL, 0, '2025-09-23 21:14:49');
INSERT OR REPLACE INTO survey_answers (id, response_id, question_id, answer_text, answer_numeric, answer_boolean, answer_date, is_empty, created_at) VALUES (868, 26, 89, NULL, NULL, NULL, NULL, 1, '2025-09-23 21:14:49');
INSERT OR REPLACE INTO survey_answers (id, response_id, question_id, answer_text, answer_numeric, answer_boolean, answer_date, is_empty, created_at) VALUES (869, 26, 90, NULL, NULL, NULL, NULL, 1, '2025-09-23 21:14:49');
INSERT OR REPLACE INTO survey_answers (id, response_id, question_id, answer_text, answer_numeric, answer_boolean, answer_date, is_empty, created_at) VALUES (870, 26, 91, NULL, NULL, NULL, NULL, 1, '2025-09-23 21:14:49');
INSERT OR REPLACE INTO survey_answers (id, response_id, question_id, answer_text, answer_numeric, answer_boolean, answer_date, is_empty, created_at) VALUES (871, 26, 92, NULL, NULL, NULL, NULL, 1, '2025-09-23 21:14:49');
INSERT OR REPLACE INTO survey_answers (id, response_id, question_id, answer_text, answer_numeric, answer_boolean, answer_date, is_empty, created_at) VALUES (872, 26, 93, NULL, NULL, NULL, NULL, 1, '2025-09-23 21:14:49');
INSERT OR REPLACE INTO survey_answers (id, response_id, question_id, answer_text, answer_numeric, answer_boolean, answer_date, is_empty, created_at) VALUES (873, 26, 94, '72.159.77.87', NULL, NULL, NULL, 0, '2025-09-23 21:14:49');
INSERT OR REPLACE INTO survey_answers (id, response_id, question_id, answer_text, answer_numeric, answer_boolean, answer_date, is_empty, created_at) VALUES (874, 26, 95, 'david@goodman.us.com', NULL, NULL, NULL, 0, '2025-09-23 21:14:49');
INSERT OR REPLACE INTO survey_answers (id, response_id, question_id, answer_text, answer_numeric, answer_boolean, answer_date, is_empty, created_at) VALUES (875, 26, 96, NULL, NULL, NULL, NULL, 1, '2025-09-23 21:14:49');
INSERT OR REPLACE INTO survey_answers (id, response_id, question_id, answer_text, answer_numeric, answer_boolean, answer_date, is_empty, created_at) VALUES (876, 26, 97, NULL, NULL, NULL, NULL, 1, '2025-09-23 21:14:49');
INSERT OR REPLACE INTO survey_answers (id, response_id, question_id, answer_text, answer_numeric, answer_boolean, answer_date, is_empty, created_at) VALUES (877, 26, 98, NULL, NULL, NULL, NULL, 1, '2025-09-23 21:14:49');
INSERT OR REPLACE INTO survey_answers (id, response_id, question_id, answer_text, answer_numeric, answer_boolean, answer_date, is_empty, created_at) VALUES (878, 26, 99, NULL, NULL, NULL, NULL, 1, '2025-09-23 21:14:49');
INSERT OR REPLACE INTO survey_answers (id, response_id, question_id, answer_text, answer_numeric, answer_boolean, answer_date, is_empty, created_at) VALUES (879, 26, 100, NULL, NULL, NULL, NULL, 1, '2025-09-23 21:14:49');
INSERT OR REPLACE INTO survey_answers (id, response_id, question_id, answer_text, answer_numeric, answer_boolean, answer_date, is_empty, created_at) VALUES (880, 26, 101, NULL, NULL, NULL, NULL, 1, '2025-09-23 21:14:49');
INSERT OR REPLACE INTO survey_answers (id, response_id, question_id, answer_text, answer_numeric, answer_boolean, answer_date, is_empty, created_at) VALUES (881, 26, 102, NULL, NULL, NULL, NULL, 1, '2025-09-23 21:14:49');
INSERT OR REPLACE INTO survey_answers (id, response_id, question_id, answer_text, answer_numeric, answer_boolean, answer_date, is_empty, created_at) VALUES (882, 26, 103, NULL, NULL, NULL, NULL, 1, '2025-09-23 21:14:49');
INSERT OR REPLACE INTO survey_answers (id, response_id, question_id, answer_text, answer_numeric, answer_boolean, answer_date, is_empty, created_at) VALUES (883, 26, 104, NULL, NULL, NULL, NULL, 1, '2025-09-23 21:14:49');
INSERT OR REPLACE INTO survey_answers (id, response_id, question_id, answer_text, answer_numeric, answer_boolean, answer_date, is_empty, created_at) VALUES (884, 26, 105, NULL, NULL, NULL, NULL, 1, '2025-09-23 21:14:49');
INSERT OR REPLACE INTO survey_answers (id, response_id, question_id, answer_text, answer_numeric, answer_boolean, answer_date, is_empty, created_at) VALUES (916, 28, 106, 'No, but I''d like to learn more', NULL, NULL, NULL, 0, '2025-09-23 21:14:49');
INSERT OR REPLACE INTO survey_answers (id, response_id, question_id, answer_text, answer_numeric, answer_boolean, answer_date, is_empty, created_at) VALUES (917, 28, 107, 'We are honored by the opportunity to explore this further!', NULL, NULL, NULL, 0, '2025-09-23 21:14:49');
INSERT OR REPLACE INTO survey_answers (id, response_id, question_id, answer_text, answer_numeric, answer_boolean, answer_date, is_empty, created_at) VALUES (918, 28, 108, '242', 242.0, NULL, NULL, 0, '2025-09-23 21:14:49');
INSERT OR REPLACE INTO survey_answers (id, response_id, question_id, answer_text, answer_numeric, answer_boolean, answer_date, is_empty, created_at) VALUES (919, 28, 109, NULL, NULL, NULL, NULL, 1, '2025-09-23 21:14:49');
INSERT OR REPLACE INTO survey_answers (id, response_id, question_id, answer_text, answer_numeric, answer_boolean, answer_date, is_empty, created_at) VALUES (920, 28, 110, '2025-09-15 15:26:09', NULL, NULL, NULL, 0, '2025-09-23 21:14:49');
INSERT OR REPLACE INTO survey_answers (id, response_id, question_id, answer_text, answer_numeric, answer_boolean, answer_date, is_empty, created_at) VALUES (921, 28, 111, 'Rachel Zieleniec', NULL, NULL, NULL, 0, '2025-09-23 21:14:49');
INSERT OR REPLACE INTO survey_answers (id, response_id, question_id, answer_text, answer_numeric, answer_boolean, answer_date, is_empty, created_at) VALUES (922, 28, 112, 'R&R: The Rest of Our Lives', NULL, NULL, NULL, 0, '2025-09-23 21:14:49');
INSERT OR REPLACE INTO survey_answers (id, response_id, question_id, answer_text, answer_numeric, answer_boolean, answer_date, is_empty, created_at) VALUES (923, 28, 113, 'Individual Use: A limited number of staff are using AI tools to streamline their work, but there is no coordinated organizational approach.', NULL, NULL, NULL, 0, '2025-09-23 21:14:49');
INSERT OR REPLACE INTO survey_answers (id, response_id, question_id, answer_text, answer_numeric, answer_boolean, answer_date, is_empty, created_at) VALUES (924, 28, 114, '16744007', 16744007.0, NULL, NULL, 0, '2025-09-23 21:14:49');
INSERT OR REPLACE INTO survey_answers (id, response_id, question_id, answer_text, answer_numeric, answer_boolean, answer_date, is_empty, created_at) VALUES (925, 28, 115, 'N/A', NULL, NULL, NULL, 0, '2025-09-23 21:14:49');
INSERT OR REPLACE INTO survey_answers (id, response_id, question_id, answer_text, answer_numeric, answer_boolean, answer_date, is_empty, created_at) VALUES (926, 28, 116, NULL, NULL, NULL, NULL, 1, '2025-09-23 21:14:49');
INSERT OR REPLACE INTO survey_answers (id, response_id, question_id, answer_text, answer_numeric, answer_boolean, answer_date, is_empty, created_at) VALUES (927, 28, 117, '2025-09-15 15:22:07', NULL, NULL, NULL, 0, '2025-09-23 21:14:49');
INSERT OR REPLACE INTO survey_answers (id, response_id, question_id, answer_text, answer_numeric, answer_boolean, answer_date, is_empty, created_at) VALUES (928, 28, 118, 'Complete', NULL, NULL, NULL, 0, '2025-09-23 21:14:49');
INSERT OR REPLACE INTO survey_answers (id, response_id, question_id, answer_text, answer_numeric, answer_boolean, answer_date, is_empty, created_at) VALUES (929, 28, 119, '99.174.93.36', NULL, NULL, NULL, 0, '2025-09-23 21:14:49');
INSERT OR REPLACE INTO survey_answers (id, response_id, question_id, answer_text, answer_numeric, answer_boolean, answer_date, is_empty, created_at) VALUES (930, 28, 120, 'Im ready to start now!', NULL, NULL, NULL, 0, '2025-09-23 21:14:49');
INSERT OR REPLACE INTO survey_answers (id, response_id, question_id, answer_text, answer_numeric, answer_boolean, answer_date, is_empty, created_at) VALUES (931, 29, 106, 'Were working on it', NULL, NULL, NULL, 0, '2025-09-23 21:14:49');
INSERT OR REPLACE INTO survey_answers (id, response_id, question_id, answer_text, answer_numeric, answer_boolean, answer_date, is_empty, created_at) VALUES (932, 29, 107, 'We are in desperate need of this opportunity. I recently watched a webinar supported by Bridgespan on this topic and became even more certain that we are underutilizing these tools and underinvesting in bringing ourselves up speed on best practices and enterprise level technology.', NULL, NULL, NULL, 0, '2025-09-23 21:14:49');
INSERT OR REPLACE INTO survey_answers (id, response_id, question_id, answer_text, answer_numeric, answer_boolean, answer_date, is_empty, created_at) VALUES (933, 29, 108, '163', 163.0, NULL, NULL, 0, '2025-09-23 21:14:49');
INSERT OR REPLACE INTO survey_answers (id, response_id, question_id, answer_text, answer_numeric, answer_boolean, answer_date, is_empty, created_at) VALUES (934, 29, 109, NULL, NULL, NULL, NULL, 1, '2025-09-23 21:14:49');
INSERT OR REPLACE INTO survey_answers (id, response_id, question_id, answer_text, answer_numeric, answer_boolean, answer_date, is_empty, created_at) VALUES (935, 29, 110, '2025-09-15 15:31:06', NULL, NULL, NULL, 0, '2025-09-23 21:14:49');
INSERT OR REPLACE INTO survey_answers (id, response_id, question_id, answer_text, answer_numeric, answer_boolean, answer_date, is_empty, created_at) VALUES (936, 29, 111, 'Rachel Jacoby Rosenfield', NULL, NULL, NULL, 0, '2025-09-23 21:14:49');
INSERT OR REPLACE INTO survey_answers (id, response_id, question_id, answer_text, answer_numeric, answer_boolean, answer_date, is_empty, created_at) VALUES (937, 29, 112, 'The Shalom Hartman Institute of North America', NULL, NULL, NULL, 0, '2025-09-23 21:14:49');
INSERT OR REPLACE INTO survey_answers (id, response_id, question_id, answer_text, answer_numeric, answer_boolean, answer_date, is_empty, created_at) VALUES (938, 29, 113, 'Exploratory Phase: An informal group of staff members is exploring AI applications and experimenting with potential use cases.', NULL, NULL, NULL, 0, '2025-09-23 21:14:49');
INSERT OR REPLACE INTO survey_answers (id, response_id, question_id, answer_text, answer_numeric, answer_boolean, answer_date, is_empty, created_at) VALUES (939, 29, 114, '16744043', 16744043.0, NULL, NULL, 0, '2025-09-23 21:14:49');
INSERT OR REPLACE INTO survey_answers (id, response_id, question_id, answer_text, answer_numeric, answer_boolean, answer_date, is_empty, created_at) VALUES (940, 29, 115, 'N/A', NULL, NULL, NULL, 0, '2025-09-23 21:14:49');
INSERT OR REPLACE INTO survey_answers (id, response_id, question_id, answer_text, answer_numeric, answer_boolean, answer_date, is_empty, created_at) VALUES (941, 29, 116, NULL, NULL, NULL, NULL, 1, '2025-09-23 21:14:49');
INSERT OR REPLACE INTO survey_answers (id, response_id, question_id, answer_text, answer_numeric, answer_boolean, answer_date, is_empty, created_at) VALUES (942, 29, 117, '2025-09-15 15:28:23', NULL, NULL, NULL, 0, '2025-09-23 21:14:49');
INSERT OR REPLACE INTO survey_answers (id, response_id, question_id, answer_text, answer_numeric, answer_boolean, answer_date, is_empty, created_at) VALUES (943, 29, 118, 'Complete', NULL, NULL, NULL, 0, '2025-09-23 21:14:49');
INSERT OR REPLACE INTO survey_answers (id, response_id, question_id, answer_text, answer_numeric, answer_boolean, answer_date, is_empty, created_at) VALUES (944, 29, 119, '208.81.37.74', NULL, NULL, NULL, 0, '2025-09-23 21:14:49');
INSERT OR REPLACE INTO survey_answers (id, response_id, question_id, answer_text, answer_numeric, answer_boolean, answer_date, is_empty, created_at) VALUES (945, 29, 120, 'In 1 - 3 months', NULL, NULL, NULL, 0, '2025-09-23 21:14:49');
INSERT OR REPLACE INTO survey_answers (id, response_id, question_id, answer_text, answer_numeric, answer_boolean, answer_date, is_empty, created_at) VALUES (946, 30, 106, 'No, but I''d like to learn more', NULL, NULL, NULL, 0, '2025-09-23 21:14:49');
INSERT OR REPLACE INTO survey_answers (id, response_id, question_id, answer_text, answer_numeric, answer_boolean, answer_date, is_empty, created_at) VALUES (947, 30, 107, 'I''m eager to keep exploring this theme with others. Thank you for organizing.', NULL, NULL, NULL, 0, '2025-09-23 21:14:49');
INSERT OR REPLACE INTO survey_answers (id, response_id, question_id, answer_text, answer_numeric, answer_boolean, answer_date, is_empty, created_at) VALUES (948, 30, 108, '74', 74.0, NULL, NULL, 0, '2025-09-23 21:14:49');
INSERT OR REPLACE INTO survey_answers (id, response_id, question_id, answer_text, answer_numeric, answer_boolean, answer_date, is_empty, created_at) VALUES (949, 30, 109, NULL, NULL, NULL, NULL, 1, '2025-09-23 21:14:49');
INSERT OR REPLACE INTO survey_answers (id, response_id, question_id, answer_text, answer_numeric, answer_boolean, answer_date, is_empty, created_at) VALUES (950, 30, 110, '2025-09-15 15:42:44', NULL, NULL, NULL, 0, '2025-09-23 21:14:49');
INSERT OR REPLACE INTO survey_answers (id, response_id, question_id, answer_text, answer_numeric, answer_boolean, answer_date, is_empty, created_at) VALUES (951, 30, 111, 'Analucia Lopezrevoredo', NULL, NULL, NULL, 0, '2025-09-23 21:14:49');
INSERT OR REPLACE INTO survey_answers (id, response_id, question_id, answer_text, answer_numeric, answer_boolean, answer_date, is_empty, created_at) VALUES (952, 30, 112, 'Jewtina', NULL, NULL, NULL, 0, '2025-09-23 21:14:49');
INSERT OR REPLACE INTO survey_answers (id, response_id, question_id, answer_text, answer_numeric, answer_boolean, answer_date, is_empty, created_at) VALUES (953, 30, 113, 'Individual Use: A limited number of staff are using AI tools to streamline their work, but there is no coordinated organizational approach.', NULL, NULL, NULL, 0, '2025-09-23 21:14:49');
INSERT OR REPLACE INTO survey_answers (id, response_id, question_id, answer_text, answer_numeric, answer_boolean, answer_date, is_empty, created_at) VALUES (954, 30, 114, '16744096', 16744096.0, NULL, NULL, 0, '2025-09-23 21:14:49');
INSERT OR REPLACE INTO survey_answers (id, response_id, question_id, answer_text, answer_numeric, answer_boolean, answer_date, is_empty, created_at) VALUES (955, 30, 115, 'N/A', NULL, NULL, NULL, 0, '2025-09-23 21:14:49');
INSERT OR REPLACE INTO survey_answers (id, response_id, question_id, answer_text, answer_numeric, answer_boolean, answer_date, is_empty, created_at) VALUES (956, 30, 116, NULL, NULL, NULL, NULL, 1, '2025-09-23 21:14:49');
INSERT OR REPLACE INTO survey_answers (id, response_id, question_id, answer_text, answer_numeric, answer_boolean, answer_date, is_empty, created_at) VALUES (957, 30, 117, '2025-09-15 15:41:30', NULL, NULL, NULL, 0, '2025-09-23 21:14:49');
INSERT OR REPLACE INTO survey_answers (id, response_id, question_id, answer_text, answer_numeric, answer_boolean, answer_date, is_empty, created_at) VALUES (958, 30, 118, 'Complete', NULL, NULL, NULL, 0, '2025-09-23 21:14:49');
INSERT OR REPLACE INTO survey_answers (id, response_id, question_id, answer_text, answer_numeric, answer_boolean, answer_date, is_empty, created_at) VALUES (959, 30, 119, '92.253.236.123', NULL, NULL, NULL, 0, '2025-09-23 21:14:49');
INSERT OR REPLACE INTO survey_answers (id, response_id, question_id, answer_text, answer_numeric, answer_boolean, answer_date, is_empty, created_at) VALUES (960, 30, 120, 'In 3 - 6 months', NULL, NULL, NULL, 0, '2025-09-23 21:14:49');
INSERT OR REPLACE INTO survey_answers (id, response_id, question_id, answer_text, answer_numeric, answer_boolean, answer_date, is_empty, created_at) VALUES (961, 31, 106, 'Were working on it', NULL, NULL, NULL, 0, '2025-09-23 21:14:49');
INSERT OR REPLACE INTO survey_answers (id, response_id, question_id, answer_text, answer_numeric, answer_boolean, answer_date, is_empty, created_at) VALUES (962, 31, 107, 'I''m so excited to get started! We have a LOT to explore. One andecdote re: AI - I''m sure you''re already hearing similar stories, but with AI previews on Google, our organic traffic has been dramatically reduced as individuals no longer need to click through to read content. Industry estimates are pointing to a 60% reduction overall. I was chatting with our marketing teammate last week and we agreed that for a web product, AI is having as much as an impact as Oct 7 has had for the Jewish world.', NULL, NULL, NULL, 0, '2025-09-23 21:14:49');
INSERT OR REPLACE INTO survey_answers (id, response_id, question_id, answer_text, answer_numeric, answer_boolean, answer_date, is_empty, created_at) VALUES (963, 31, 108, '383', 383.0, NULL, NULL, 0, '2025-09-23 21:14:49');
INSERT OR REPLACE INTO survey_answers (id, response_id, question_id, answer_text, answer_numeric, answer_boolean, answer_date, is_empty, created_at) VALUES (964, 31, 109, 'eileen@recustom.com', NULL, NULL, NULL, 0, '2025-09-23 21:14:49');
INSERT OR REPLACE INTO survey_answers (id, response_id, question_id, answer_text, answer_numeric, answer_boolean, answer_date, is_empty, created_at) VALUES (965, 31, 110, '2025-09-16 5:33:29', NULL, NULL, NULL, 0, '2025-09-23 21:14:49');
INSERT OR REPLACE INTO survey_answers (id, response_id, question_id, answer_text, answer_numeric, answer_boolean, answer_date, is_empty, created_at) VALUES (966, 31, 111, 'Eileen Levinson', NULL, NULL, NULL, 0, '2025-09-23 21:14:49');
INSERT OR REPLACE INTO survey_answers (id, response_id, question_id, answer_text, answer_numeric, answer_boolean, answer_date, is_empty, created_at) VALUES (967, 31, 112, 'ReCustom', NULL, NULL, NULL, 0, '2025-09-23 21:14:49');
INSERT OR REPLACE INTO survey_answers (id, response_id, question_id, answer_text, answer_numeric, answer_boolean, answer_date, is_empty, created_at) VALUES (968, 31, 113, 'Exploratory Phase: An informal group of staff members is exploring AI applications and experimenting with potential use cases.', NULL, NULL, NULL, 0, '2025-09-23 21:14:49');
INSERT OR REPLACE INTO survey_answers (id, response_id, question_id, answer_text, answer_numeric, answer_boolean, answer_date, is_empty, created_at) VALUES (969, 31, 114, '16746368', 16746368.0, NULL, NULL, 0, '2025-09-23 21:14:49');
INSERT OR REPLACE INTO survey_answers (id, response_id, question_id, answer_text, answer_numeric, answer_boolean, answer_date, is_empty, created_at) VALUES (970, 31, 115, 'N/A', NULL, NULL, NULL, 0, '2025-09-23 21:14:49');
INSERT OR REPLACE INTO survey_answers (id, response_id, question_id, answer_text, answer_numeric, answer_boolean, answer_date, is_empty, created_at) VALUES (971, 31, 116, 'Founder & CEO', NULL, NULL, NULL, 0, '2025-09-23 21:14:49');
INSERT OR REPLACE INTO survey_answers (id, response_id, question_id, answer_text, answer_numeric, answer_boolean, answer_date, is_empty, created_at) VALUES (972, 31, 117, '2025-09-16 5:27:06', NULL, NULL, NULL, 0, '2025-09-23 21:14:49');
INSERT OR REPLACE INTO survey_answers (id, response_id, question_id, answer_text, answer_numeric, answer_boolean, answer_date, is_empty, created_at) VALUES (973, 31, 118, 'Complete', NULL, NULL, NULL, 0, '2025-09-23 21:14:49');
INSERT OR REPLACE INTO survey_answers (id, response_id, question_id, answer_text, answer_numeric, answer_boolean, answer_date, is_empty, created_at) VALUES (974, 31, 119, '188.31.114.248', NULL, NULL, NULL, 0, '2025-09-23 21:14:49');
INSERT OR REPLACE INTO survey_answers (id, response_id, question_id, answer_text, answer_numeric, answer_boolean, answer_date, is_empty, created_at) VALUES (975, 31, 120, 'Im ready to start now!', NULL, NULL, NULL, 0, '2025-09-23 21:14:49');
INSERT OR REPLACE INTO survey_answers (id, response_id, question_id, answer_text, answer_numeric, answer_boolean, answer_date, is_empty, created_at) VALUES (976, 32, 106, 'No', NULL, 0, NULL, 0, '2025-09-23 21:14:49');
INSERT OR REPLACE INTO survey_answers (id, response_id, question_id, answer_text, answer_numeric, answer_boolean, answer_date, is_empty, created_at) VALUES (977, 32, 107, NULL, NULL, NULL, NULL, 1, '2025-09-23 21:14:49');
INSERT OR REPLACE INTO survey_answers (id, response_id, question_id, answer_text, answer_numeric, answer_boolean, answer_date, is_empty, created_at) VALUES (978, 32, 108, '60', 60.0, NULL, NULL, 0, '2025-09-23 21:14:49');
INSERT OR REPLACE INTO survey_answers (id, response_id, question_id, answer_text, answer_numeric, answer_boolean, answer_date, is_empty, created_at) VALUES (979, 32, 109, 'sarah@atthewellproject.com', NULL, NULL, NULL, 0, '2025-09-23 21:14:49');
INSERT OR REPLACE INTO survey_answers (id, response_id, question_id, answer_text, answer_numeric, answer_boolean, answer_date, is_empty, created_at) VALUES (980, 32, 110, '2025-09-16 8:24:19', NULL, NULL, NULL, 0, '2025-09-23 21:14:49');
INSERT OR REPLACE INTO survey_answers (id, response_id, question_id, answer_text, answer_numeric, answer_boolean, answer_date, is_empty, created_at) VALUES (981, 32, 111, 'Sarah Waxman', NULL, NULL, NULL, 0, '2025-09-23 21:14:49');
INSERT OR REPLACE INTO survey_answers (id, response_id, question_id, answer_text, answer_numeric, answer_boolean, answer_date, is_empty, created_at) VALUES (982, 32, 112, 'At The Well', NULL, NULL, NULL, 0, '2025-09-23 21:14:49');
INSERT OR REPLACE INTO survey_answers (id, response_id, question_id, answer_text, answer_numeric, answer_boolean, answer_date, is_empty, created_at) VALUES (983, 32, 113, 'Established Integration: AI is integrated across the organization, with dedicated resources committed to advancing its use.', NULL, NULL, NULL, 0, '2025-09-23 21:14:49');
INSERT OR REPLACE INTO survey_answers (id, response_id, question_id, answer_text, answer_numeric, answer_boolean, answer_date, is_empty, created_at) VALUES (984, 32, 114, '16746640', 16746640.0, NULL, NULL, 0, '2025-09-23 21:14:49');
INSERT OR REPLACE INTO survey_answers (id, response_id, question_id, answer_text, answer_numeric, answer_boolean, answer_date, is_empty, created_at) VALUES (985, 32, 115, 'N/A', NULL, NULL, NULL, 0, '2025-09-23 21:14:49');
INSERT OR REPLACE INTO survey_answers (id, response_id, question_id, answer_text, answer_numeric, answer_boolean, answer_date, is_empty, created_at) VALUES (986, 32, 116, 'CEO', NULL, NULL, NULL, 0, '2025-09-23 21:14:49');
INSERT OR REPLACE INTO survey_answers (id, response_id, question_id, answer_text, answer_numeric, answer_boolean, answer_date, is_empty, created_at) VALUES (987, 32, 117, '2025-09-16 8:23:19', NULL, NULL, NULL, 0, '2025-09-23 21:14:49');
INSERT OR REPLACE INTO survey_answers (id, response_id, question_id, answer_text, answer_numeric, answer_boolean, answer_date, is_empty, created_at) VALUES (988, 32, 118, 'Complete', NULL, NULL, NULL, 0, '2025-09-23 21:14:49');
INSERT OR REPLACE INTO survey_answers (id, response_id, question_id, answer_text, answer_numeric, answer_boolean, answer_date, is_empty, created_at) VALUES (989, 32, 119, '174.193.16.23', NULL, NULL, NULL, 0, '2025-09-23 21:14:49');
INSERT OR REPLACE INTO survey_answers (id, response_id, question_id, answer_text, answer_numeric, answer_boolean, answer_date, is_empty, created_at) VALUES (990, 32, 120, 'Im ready to start now!', NULL, NULL, NULL, 0, '2025-09-23 21:14:49');
INSERT OR REPLACE INTO survey_answers (id, response_id, question_id, answer_text, answer_numeric, answer_boolean, answer_date, is_empty, created_at) VALUES (991, 33, 106, 'Yes', NULL, 1, NULL, 0, '2025-09-23 21:14:49');
INSERT OR REPLACE INTO survey_answers (id, response_id, question_id, answer_text, answer_numeric, answer_boolean, answer_date, is_empty, created_at) VALUES (992, 33, 107, 'We know the importance both for the user experience and the safety/security of knowing who is participating in what programs but lack the expertise to have the confidence in how to best move forward. We would love the partnership and are very much ready to make the investment on our end across all our programmatic platforms.', NULL, NULL, NULL, 0, '2025-09-23 21:14:49');
INSERT OR REPLACE INTO survey_answers (id, response_id, question_id, answer_text, answer_numeric, answer_boolean, answer_date, is_empty, created_at) VALUES (993, 33, 108, '56', 56.0, NULL, NULL, 0, '2025-09-23 21:14:49');
INSERT OR REPLACE INTO survey_answers (id, response_id, question_id, answer_text, answer_numeric, answer_boolean, answer_date, is_empty, created_at) VALUES (994, 33, 109, 'david.cygielman@memglobal.org', NULL, NULL, NULL, 0, '2025-09-23 21:14:49');
INSERT OR REPLACE INTO survey_answers (id, response_id, question_id, answer_text, answer_numeric, answer_boolean, answer_date, is_empty, created_at) VALUES (995, 33, 110, '2025-09-16 8:30:59', NULL, NULL, NULL, 0, '2025-09-23 21:14:49');
INSERT OR REPLACE INTO survey_answers (id, response_id, question_id, answer_text, answer_numeric, answer_boolean, answer_date, is_empty, created_at) VALUES (996, 33, 111, 'David Cygielman', NULL, NULL, NULL, 0, '2025-09-23 21:14:49');
INSERT OR REPLACE INTO survey_answers (id, response_id, question_id, answer_text, answer_numeric, answer_boolean, answer_date, is_empty, created_at) VALUES (997, 33, 112, 'Mem Global', NULL, NULL, NULL, 0, '2025-09-23 21:14:49');
INSERT OR REPLACE INTO survey_answers (id, response_id, question_id, answer_text, answer_numeric, answer_boolean, answer_date, is_empty, created_at) VALUES (998, 33, 113, 'Exploratory Phase: An informal group of staff members is exploring AI applications and experimenting with potential use cases.', NULL, NULL, NULL, 0, '2025-09-23 21:14:49');
INSERT OR REPLACE INTO survey_answers (id, response_id, question_id, answer_text, answer_numeric, answer_boolean, answer_date, is_empty, created_at) VALUES (999, 33, 114, '16746657', 16746657.0, NULL, NULL, 0, '2025-09-23 21:14:49');
INSERT OR REPLACE INTO survey_answers (id, response_id, question_id, answer_text, answer_numeric, answer_boolean, answer_date, is_empty, created_at) VALUES (1000, 33, 115, 'https://link.edgepilot.com/', NULL, NULL, NULL, 0, '2025-09-23 21:14:49');
INSERT OR REPLACE INTO survey_answers (id, response_id, question_id, answer_text, answer_numeric, answer_boolean, answer_date, is_empty, created_at) VALUES (1001, 33, 116, 'CEO', NULL, NULL, NULL, 0, '2025-09-23 21:14:49');
INSERT OR REPLACE INTO survey_answers (id, response_id, question_id, answer_text, answer_numeric, answer_boolean, answer_date, is_empty, created_at) VALUES (1002, 33, 117, '2025-09-16 8:30:03', NULL, NULL, NULL, 0, '2025-09-23 21:14:49');
INSERT OR REPLACE INTO survey_answers (id, response_id, question_id, answer_text, answer_numeric, answer_boolean, answer_date, is_empty, created_at) VALUES (1003, 33, 118, 'Complete', NULL, NULL, NULL, 0, '2025-09-23 21:14:49');
INSERT OR REPLACE INTO survey_answers (id, response_id, question_id, answer_text, answer_numeric, answer_boolean, answer_date, is_empty, created_at) VALUES (1004, 33, 119, '66.26.134.73', NULL, NULL, NULL, 0, '2025-09-23 21:14:49');
INSERT OR REPLACE INTO survey_answers (id, response_id, question_id, answer_text, answer_numeric, answer_boolean, answer_date, is_empty, created_at) VALUES (1005, 33, 120, 'In 1 - 3 months', NULL, NULL, NULL, 0, '2025-09-23 21:14:49');
INSERT OR REPLACE INTO survey_answers (id, response_id, question_id, answer_text, answer_numeric, answer_boolean, answer_date, is_empty, created_at) VALUES (1006, 34, 106, 'No, but I''d like to learn more', NULL, NULL, NULL, 0, '2025-09-23 21:14:49');
INSERT OR REPLACE INTO survey_answers (id, response_id, question_id, answer_text, answer_numeric, answer_boolean, answer_date, is_empty, created_at) VALUES (1007, 34, 107, 'We''ve identified that strengthening our digital security measures across all areas of our work is a top priority in our work. We''re curious about the use cases for AI, both in streamlining internal workflows and in strengthening our case-making for our work externally. Definitely excited to learn more.', NULL, NULL, NULL, 0, '2025-09-23 21:14:49');
INSERT OR REPLACE INTO survey_answers (id, response_id, question_id, answer_text, answer_numeric, answer_boolean, answer_date, is_empty, created_at) VALUES (1008, 34, 108, '234', 234.0, NULL, NULL, 0, '2025-09-23 21:14:49');
INSERT OR REPLACE INTO survey_answers (id, response_id, question_id, answer_text, answer_numeric, answer_boolean, answer_date, is_empty, created_at) VALUES (1009, 34, 109, 'ayana@svara.org', NULL, NULL, NULL, 0, '2025-09-23 21:14:49');
INSERT OR REPLACE INTO survey_answers (id, response_id, question_id, answer_text, answer_numeric, answer_boolean, answer_date, is_empty, created_at) VALUES (1010, 34, 110, '2025-09-16 10:21:11', NULL, NULL, NULL, 0, '2025-09-23 21:14:49');
INSERT OR REPLACE INTO survey_answers (id, response_id, question_id, answer_text, answer_numeric, answer_boolean, answer_date, is_empty, created_at) VALUES (1011, 34, 111, 'Ayana Morse', NULL, NULL, NULL, 0, '2025-09-23 21:14:49');
INSERT OR REPLACE INTO survey_answers (id, response_id, question_id, answer_text, answer_numeric, answer_boolean, answer_date, is_empty, created_at) VALUES (1012, 34, 112, 'SVARA', NULL, NULL, NULL, 0, '2025-09-23 21:14:49');
INSERT OR REPLACE INTO survey_answers (id, response_id, question_id, answer_text, answer_numeric, answer_boolean, answer_date, is_empty, created_at) VALUES (1013, 34, 113, 'Individual Use: A limited number of staff are using AI tools to streamline their work, but there is no coordinated organizational approach.', NULL, NULL, NULL, 0, '2025-09-23 21:14:49');
INSERT OR REPLACE INTO survey_answers (id, response_id, question_id, answer_text, answer_numeric, answer_boolean, answer_date, is_empty, created_at) VALUES (1014, 34, 114, '16747237', 16747237.0, NULL, NULL, 0, '2025-09-23 21:14:49');
INSERT OR REPLACE INTO survey_answers (id, response_id, question_id, answer_text, answer_numeric, answer_boolean, answer_date, is_empty, created_at) VALUES (1015, 34, 115, 'N/A', NULL, NULL, NULL, 0, '2025-09-23 21:14:49');
INSERT OR REPLACE INTO survey_answers (id, response_id, question_id, answer_text, answer_numeric, answer_boolean, answer_date, is_empty, created_at) VALUES (1016, 34, 116, 'Executive Director', NULL, NULL, NULL, 0, '2025-09-23 21:14:49');
INSERT OR REPLACE INTO survey_answers (id, response_id, question_id, answer_text, answer_numeric, answer_boolean, answer_date, is_empty, created_at) VALUES (1017, 34, 117, '2025-09-16 10:17:17', NULL, NULL, NULL, 0, '2025-09-23 21:14:49');
INSERT OR REPLACE INTO survey_answers (id, response_id, question_id, answer_text, answer_numeric, answer_boolean, answer_date, is_empty, created_at) VALUES (1018, 34, 118, 'Complete', NULL, NULL, NULL, 0, '2025-09-23 21:14:49');
INSERT OR REPLACE INTO survey_answers (id, response_id, question_id, answer_text, answer_numeric, answer_boolean, answer_date, is_empty, created_at) VALUES (1019, 34, 119, '150.195.158.118', NULL, NULL, NULL, 0, '2025-09-23 21:14:49');
INSERT OR REPLACE INTO survey_answers (id, response_id, question_id, answer_text, answer_numeric, answer_boolean, answer_date, is_empty, created_at) VALUES (1020, 34, 120, 'Im ready to start now!', NULL, NULL, NULL, 0, '2025-09-23 21:14:49');
INSERT OR REPLACE INTO survey_answers (id, response_id, question_id, answer_text, answer_numeric, answer_boolean, answer_date, is_empty, created_at) VALUES (1021, 35, 106, 'Were working on it', NULL, NULL, NULL, 0, '2025-09-23 21:14:49');
INSERT OR REPLACE INTO survey_answers (id, response_id, question_id, answer_text, answer_numeric, answer_boolean, answer_date, is_empty, created_at) VALUES (1022, 35, 107, 'Please let me know next steps.', NULL, NULL, NULL, 0, '2025-09-23 21:14:49');
INSERT OR REPLACE INTO survey_answers (id, response_id, question_id, answer_text, answer_numeric, answer_boolean, answer_date, is_empty, created_at) VALUES (1023, 35, 108, '67', 67.0, NULL, NULL, 0, '2025-09-23 21:14:49');
INSERT OR REPLACE INTO survey_answers (id, response_id, question_id, answer_text, answer_numeric, answer_boolean, answer_date, is_empty, created_at) VALUES (1024, 35, 109, 'AlyseE@jewishspirituality.org', NULL, NULL, NULL, 0, '2025-09-23 21:14:49');
INSERT OR REPLACE INTO survey_answers (id, response_id, question_id, answer_text, answer_numeric, answer_boolean, answer_date, is_empty, created_at) VALUES (1025, 35, 110, '2025-09-16 14:12:42', NULL, NULL, NULL, 0, '2025-09-23 21:14:49');
INSERT OR REPLACE INTO survey_answers (id, response_id, question_id, answer_text, answer_numeric, answer_boolean, answer_date, is_empty, created_at) VALUES (1026, 35, 111, 'Alyse Erman', NULL, NULL, NULL, 0, '2025-09-23 21:14:49');
INSERT OR REPLACE INTO survey_answers (id, response_id, question_id, answer_text, answer_numeric, answer_boolean, answer_date, is_empty, created_at) VALUES (1027, 35, 112, 'Institute for Jewish Spirituality', NULL, NULL, NULL, 0, '2025-09-23 21:14:49');
INSERT OR REPLACE INTO survey_answers (id, response_id, question_id, answer_text, answer_numeric, answer_boolean, answer_date, is_empty, created_at) VALUES (1028, 35, 113, 'Individual Use: A limited number of staff are using AI tools to streamline their work, but there is no coordinated organizational approach.', NULL, NULL, NULL, 0, '2025-09-23 21:14:49');
INSERT OR REPLACE INTO survey_answers (id, response_id, question_id, answer_text, answer_numeric, answer_boolean, answer_date, is_empty, created_at) VALUES (1029, 35, 114, '16748624', 16748624.0, NULL, NULL, 0, '2025-09-23 21:14:49');
INSERT OR REPLACE INTO survey_answers (id, response_id, question_id, answer_text, answer_numeric, answer_boolean, answer_date, is_empty, created_at) VALUES (1030, 35, 115, 'N/A', NULL, NULL, NULL, 0, '2025-09-23 21:14:49');
INSERT OR REPLACE INTO survey_answers (id, response_id, question_id, answer_text, answer_numeric, answer_boolean, answer_date, is_empty, created_at) VALUES (1031, 35, 116, 'COO', NULL, NULL, NULL, 0, '2025-09-23 21:14:49');
INSERT OR REPLACE INTO survey_answers (id, response_id, question_id, answer_text, answer_numeric, answer_boolean, answer_date, is_empty, created_at) VALUES (1032, 35, 117, '2025-09-16 14:11:35', NULL, NULL, NULL, 0, '2025-09-23 21:14:49');
INSERT OR REPLACE INTO survey_answers (id, response_id, question_id, answer_text, answer_numeric, answer_boolean, answer_date, is_empty, created_at) VALUES (1033, 35, 118, 'Complete', NULL, NULL, NULL, 0, '2025-09-23 21:14:49');
INSERT OR REPLACE INTO survey_answers (id, response_id, question_id, answer_text, answer_numeric, answer_boolean, answer_date, is_empty, created_at) VALUES (1034, 35, 119, '73.81.48.202', NULL, NULL, NULL, 0, '2025-09-23 21:14:49');
INSERT OR REPLACE INTO survey_answers (id, response_id, question_id, answer_text, answer_numeric, answer_boolean, answer_date, is_empty, created_at) VALUES (1035, 35, 120, 'Im ready to start now!', NULL, NULL, NULL, 0, '2025-09-23 21:14:49');
INSERT OR REPLACE INTO survey_answers (id, response_id, question_id, answer_text, answer_numeric, answer_boolean, answer_date, is_empty, created_at) VALUES (1036, 36, 106, 'Yes', NULL, 1, NULL, 0, '2025-09-23 21:14:49');
INSERT OR REPLACE INTO survey_answers (id, response_id, question_id, answer_text, answer_numeric, answer_boolean, answer_date, is_empty, created_at) VALUES (1037, 36, 107, NULL, NULL, NULL, NULL, 1, '2025-09-23 21:14:49');
INSERT OR REPLACE INTO survey_answers (id, response_id, question_id, answer_text, answer_numeric, answer_boolean, answer_date, is_empty, created_at) VALUES (1038, 36, 108, '833', 833.0, NULL, NULL, 0, '2025-09-23 21:14:49');
INSERT OR REPLACE INTO survey_answers (id, response_id, question_id, answer_text, answer_numeric, answer_boolean, answer_date, is_empty, created_at) VALUES (1039, 36, 109, 'samiel@rootone.org', NULL, NULL, NULL, 0, '2025-09-23 21:14:49');
INSERT OR REPLACE INTO survey_answers (id, response_id, question_id, answer_text, answer_numeric, answer_boolean, answer_date, is_empty, created_at) VALUES (1040, 36, 110, '2025-09-16 14:18:09', NULL, NULL, NULL, 0, '2025-09-23 21:14:49');
INSERT OR REPLACE INTO survey_answers (id, response_id, question_id, answer_text, answer_numeric, answer_boolean, answer_date, is_empty, created_at) VALUES (1041, 36, 111, 'Simon Amiel', NULL, NULL, NULL, 0, '2025-09-23 21:14:49');
INSERT OR REPLACE INTO survey_answers (id, response_id, question_id, answer_text, answer_numeric, answer_boolean, answer_date, is_empty, created_at) VALUES (1042, 36, 112, 'The Jewish Education Project / RootOne', NULL, NULL, NULL, 0, '2025-09-23 21:14:49');
INSERT OR REPLACE INTO survey_answers (id, response_id, question_id, answer_text, answer_numeric, answer_boolean, answer_date, is_empty, created_at) VALUES (1043, 36, 113, 'Individual Use: A limited number of staff are using AI tools to streamline their work, but there is no coordinated organizational approach.', NULL, NULL, NULL, 0, '2025-09-23 21:14:49');
INSERT OR REPLACE INTO survey_answers (id, response_id, question_id, answer_text, answer_numeric, answer_boolean, answer_date, is_empty, created_at) VALUES (1044, 36, 114, '16748650', 16748650.0, NULL, NULL, 0, '2025-09-23 21:14:49');
INSERT OR REPLACE INTO survey_answers (id, response_id, question_id, answer_text, answer_numeric, answer_boolean, answer_date, is_empty, created_at) VALUES (1045, 36, 115, 'N/A', NULL, NULL, NULL, 0, '2025-09-23 21:14:49');
INSERT OR REPLACE INTO survey_answers (id, response_id, question_id, answer_text, answer_numeric, answer_boolean, answer_date, is_empty, created_at) VALUES (1046, 36, 116, 'Executive Director', NULL, NULL, NULL, 0, '2025-09-23 21:14:49');
INSERT OR REPLACE INTO survey_answers (id, response_id, question_id, answer_text, answer_numeric, answer_boolean, answer_date, is_empty, created_at) VALUES (1047, 36, 117, '2025-09-16 14:04:16', NULL, NULL, NULL, 0, '2025-09-23 21:14:49');
INSERT OR REPLACE INTO survey_answers (id, response_id, question_id, answer_text, answer_numeric, answer_boolean, answer_date, is_empty, created_at) VALUES (1048, 36, 118, 'Complete', NULL, NULL, NULL, 0, '2025-09-23 21:14:49');
INSERT OR REPLACE INTO survey_answers (id, response_id, question_id, answer_text, answer_numeric, answer_boolean, answer_date, is_empty, created_at) VALUES (1049, 36, 119, '38.71.46.194', NULL, NULL, NULL, 0, '2025-09-23 21:14:49');
INSERT OR REPLACE INTO survey_answers (id, response_id, question_id, answer_text, answer_numeric, answer_boolean, answer_date, is_empty, created_at) VALUES (1050, 36, 120, 'In 1 - 3 months', NULL, NULL, NULL, 0, '2025-09-23 21:14:49');
INSERT OR REPLACE INTO survey_answers (id, response_id, question_id, answer_text, answer_numeric, answer_boolean, answer_date, is_empty, created_at) VALUES (1051, 37, 106, 'No', NULL, 0, NULL, 0, '2025-09-23 21:14:49');
INSERT OR REPLACE INTO survey_answers (id, response_id, question_id, answer_text, answer_numeric, answer_boolean, answer_date, is_empty, created_at) VALUES (1052, 37, 107, 'We are very interested and participating in this program. We would like to know more, specifically what''s involved and what the end "product" of the engagement could look like.     We''re open and interested in evaluating our systems, improving our systems and possibly changing systems where necessary, in order to improve efficiency, collaboration and data,  analytics, and reporting.', NULL, NULL, NULL, 0, '2025-09-23 21:14:49');
INSERT OR REPLACE INTO survey_answers (id, response_id, question_id, answer_text, answer_numeric, answer_boolean, answer_date, is_empty, created_at) VALUES (1053, 37, 108, '348', 348.0, NULL, NULL, 0, '2025-09-23 21:14:49');
INSERT OR REPLACE INTO survey_answers (id, response_id, question_id, answer_text, answer_numeric, answer_boolean, answer_date, is_empty, created_at) VALUES (1054, 37, 109, 'oren@hadar.org', NULL, NULL, NULL, 0, '2025-09-23 21:14:49');
INSERT OR REPLACE INTO survey_answers (id, response_id, question_id, answer_text, answer_numeric, answer_boolean, answer_date, is_empty, created_at) VALUES (1055, 37, 110, '2025-09-17 9:35:09', NULL, NULL, NULL, 0, '2025-09-23 21:14:49');
INSERT OR REPLACE INTO survey_answers (id, response_id, question_id, answer_text, answer_numeric, answer_boolean, answer_date, is_empty, created_at) VALUES (1056, 37, 111, 'Oren Harary', NULL, NULL, NULL, 0, '2025-09-23 21:14:49');
INSERT OR REPLACE INTO survey_answers (id, response_id, question_id, answer_text, answer_numeric, answer_boolean, answer_date, is_empty, created_at) VALUES (1057, 37, 112, 'Hadar Institute', NULL, NULL, NULL, 0, '2025-09-23 21:14:49');
INSERT OR REPLACE INTO survey_answers (id, response_id, question_id, answer_text, answer_numeric, answer_boolean, answer_date, is_empty, created_at) VALUES (1058, 37, 113, 'Individual Use: A limited number of staff are using AI tools to streamline their work, but there is no coordinated organizational approach.', NULL, NULL, NULL, 0, '2025-09-23 21:14:49');
INSERT OR REPLACE INTO survey_answers (id, response_id, question_id, answer_text, answer_numeric, answer_boolean, answer_date, is_empty, created_at) VALUES (1059, 37, 114, '16752023', 16752023.0, NULL, NULL, 0, '2025-09-23 21:14:49');
INSERT OR REPLACE INTO survey_answers (id, response_id, question_id, answer_text, answer_numeric, answer_boolean, answer_date, is_empty, created_at) VALUES (1060, 37, 115, 'N/A', NULL, NULL, NULL, 0, '2025-09-23 21:14:49');
INSERT OR REPLACE INTO survey_answers (id, response_id, question_id, answer_text, answer_numeric, answer_boolean, answer_date, is_empty, created_at) VALUES (1061, 37, 116, 'Chief Operating and Financial Officer', NULL, NULL, NULL, 0, '2025-09-23 21:14:49');
INSERT OR REPLACE INTO survey_answers (id, response_id, question_id, answer_text, answer_numeric, answer_boolean, answer_date, is_empty, created_at) VALUES (1062, 37, 117, '2025-09-17 9:29:21', NULL, NULL, NULL, 0, '2025-09-23 21:14:49');
INSERT OR REPLACE INTO survey_answers (id, response_id, question_id, answer_text, answer_numeric, answer_boolean, answer_date, is_empty, created_at) VALUES (1063, 37, 118, 'Complete', NULL, NULL, NULL, 0, '2025-09-23 21:14:49');
INSERT OR REPLACE INTO survey_answers (id, response_id, question_id, answer_text, answer_numeric, answer_boolean, answer_date, is_empty, created_at) VALUES (1064, 37, 119, '38.49.72.231', NULL, NULL, NULL, 0, '2025-09-23 21:14:49');
INSERT OR REPLACE INTO survey_answers (id, response_id, question_id, answer_text, answer_numeric, answer_boolean, answer_date, is_empty, created_at) VALUES (1065, 37, 120, 'Im ready to start now!', NULL, NULL, NULL, 0, '2025-09-23 21:14:49');
INSERT OR REPLACE INTO survey_answers (id, response_id, question_id, answer_text, answer_numeric, answer_boolean, answer_date, is_empty, created_at) VALUES (1066, 38, 106, 'Yes', NULL, 1, NULL, 0, '2025-09-23 21:14:49');
INSERT OR REPLACE INTO survey_answers (id, response_id, question_id, answer_text, answer_numeric, answer_boolean, answer_date, is_empty, created_at) VALUES (1067, 38, 107, NULL, NULL, NULL, NULL, 1, '2025-09-23 21:14:49');
INSERT OR REPLACE INTO survey_answers (id, response_id, question_id, answer_text, answer_numeric, answer_boolean, answer_date, is_empty, created_at) VALUES (1068, 38, 108, '74', 74.0, NULL, NULL, 0, '2025-09-23 21:14:49');
INSERT OR REPLACE INTO survey_answers (id, response_id, question_id, answer_text, answer_numeric, answer_boolean, answer_date, is_empty, created_at) VALUES (1069, 38, 109, 'aaronk@upstartlab.org', NULL, NULL, NULL, 0, '2025-09-23 21:14:49');
INSERT OR REPLACE INTO survey_answers (id, response_id, question_id, answer_text, answer_numeric, answer_boolean, answer_date, is_empty, created_at) VALUES (1070, 38, 110, '2025-09-17 11:10:24', NULL, NULL, NULL, 0, '2025-09-23 21:14:49');
INSERT OR REPLACE INTO survey_answers (id, response_id, question_id, answer_text, answer_numeric, answer_boolean, answer_date, is_empty, created_at) VALUES (1071, 38, 111, 'Aaron Katler', NULL, NULL, NULL, 0, '2025-09-23 21:14:49');
INSERT OR REPLACE INTO survey_answers (id, response_id, question_id, answer_text, answer_numeric, answer_boolean, answer_date, is_empty, created_at) VALUES (1072, 38, 112, 'UpStart', NULL, NULL, NULL, 0, '2025-09-23 21:14:49');
INSERT OR REPLACE INTO survey_answers (id, response_id, question_id, answer_text, answer_numeric, answer_boolean, answer_date, is_empty, created_at) VALUES (1073, 38, 113, 'Established Integration: AI is integrated across the organization, with dedicated resources committed to advancing its use.', NULL, NULL, NULL, 0, '2025-09-23 21:14:49');
INSERT OR REPLACE INTO survey_answers (id, response_id, question_id, answer_text, answer_numeric, answer_boolean, answer_date, is_empty, created_at) VALUES (1074, 38, 114, '16752667', 16752667.0, NULL, NULL, 0, '2025-09-23 21:14:49');
INSERT OR REPLACE INTO survey_answers (id, response_id, question_id, answer_text, answer_numeric, answer_boolean, answer_date, is_empty, created_at) VALUES (1075, 38, 115, 'N/A', NULL, NULL, NULL, 0, '2025-09-23 21:14:49');
INSERT OR REPLACE INTO survey_answers (id, response_id, question_id, answer_text, answer_numeric, answer_boolean, answer_date, is_empty, created_at) VALUES (1076, 38, 116, 'CEO', NULL, NULL, NULL, 0, '2025-09-23 21:14:49');
INSERT OR REPLACE INTO survey_answers (id, response_id, question_id, answer_text, answer_numeric, answer_boolean, answer_date, is_empty, created_at) VALUES (1077, 38, 117, '2025-09-17 11:09:10', NULL, NULL, NULL, 0, '2025-09-23 21:14:49');
INSERT OR REPLACE INTO survey_answers (id, response_id, question_id, answer_text, answer_numeric, answer_boolean, answer_date, is_empty, created_at) VALUES (1078, 38, 118, 'Complete', NULL, NULL, NULL, 0, '2025-09-23 21:14:49');
INSERT OR REPLACE INTO survey_answers (id, response_id, question_id, answer_text, answer_numeric, answer_boolean, answer_date, is_empty, created_at) VALUES (1079, 38, 119, '23.93.87.167', NULL, NULL, NULL, 0, '2025-09-23 21:14:49');
INSERT OR REPLACE INTO survey_answers (id, response_id, question_id, answer_text, answer_numeric, answer_boolean, answer_date, is_empty, created_at) VALUES (1080, 38, 120, 'Im ready to start now!', NULL, NULL, NULL, 0, '2025-09-23 21:14:49');
INSERT OR REPLACE INTO survey_answers (id, response_id, question_id, answer_text, answer_numeric, answer_boolean, answer_date, is_empty, created_at) VALUES (1081, 39, 106, 'Yes', NULL, 1, NULL, 0, '2025-09-23 21:14:49');
INSERT OR REPLACE INTO survey_answers (id, response_id, question_id, answer_text, answer_numeric, answer_boolean, answer_date, is_empty, created_at) VALUES (1082, 39, 107, 'Thank you for this opportunity to partner on this initiative.', NULL, NULL, NULL, 0, '2025-09-23 21:14:49');
INSERT OR REPLACE INTO survey_answers (id, response_id, question_id, answer_text, answer_numeric, answer_boolean, answer_date, is_empty, created_at) VALUES (1083, 39, 108, '77162', 77162.0, NULL, NULL, 0, '2025-09-23 21:14:49');
INSERT OR REPLACE INTO survey_answers (id, response_id, question_id, answer_text, answer_numeric, answer_boolean, answer_date, is_empty, created_at) VALUES (1084, 39, 109, 'sblancke@70facesmedia.org', NULL, NULL, NULL, 0, '2025-09-23 21:14:49');
INSERT OR REPLACE INTO survey_answers (id, response_id, question_id, answer_text, answer_numeric, answer_boolean, answer_date, is_empty, created_at) VALUES (1085, 39, 110, '2025-09-18 9:58:29', NULL, NULL, NULL, 0, '2025-09-23 21:14:49');
INSERT OR REPLACE INTO survey_answers (id, response_id, question_id, answer_text, answer_numeric, answer_boolean, answer_date, is_empty, created_at) VALUES (1086, 39, 111, 'Sara Blancke', NULL, NULL, NULL, 0, '2025-09-23 21:14:49');
INSERT OR REPLACE INTO survey_answers (id, response_id, question_id, answer_text, answer_numeric, answer_boolean, answer_date, is_empty, created_at) VALUES (1087, 39, 112, '70 Faces Media', NULL, NULL, NULL, 0, '2025-09-23 21:14:49');
INSERT OR REPLACE INTO survey_answers (id, response_id, question_id, answer_text, answer_numeric, answer_boolean, answer_date, is_empty, created_at) VALUES (1088, 39, 113, 'Strategic Development: A formal group meets regularly and is in the early stages of developing an organization-wide AI strategy.', NULL, NULL, NULL, 0, '2025-09-23 21:14:49');
INSERT OR REPLACE INTO survey_answers (id, response_id, question_id, answer_text, answer_numeric, answer_boolean, answer_date, is_empty, created_at) VALUES (1089, 39, 114, '16756800', 16756800.0, NULL, NULL, 0, '2025-09-23 21:14:49');
INSERT OR REPLACE INTO survey_answers (id, response_id, question_id, answer_text, answer_numeric, answer_boolean, answer_date, is_empty, created_at) VALUES (1090, 39, 115, 'N/A', NULL, NULL, NULL, 0, '2025-09-23 21:14:49');
INSERT OR REPLACE INTO survey_answers (id, response_id, question_id, answer_text, answer_numeric, answer_boolean, answer_date, is_empty, created_at) VALUES (1091, 39, 116, 'Director of Grants & Philanthropic Partnerships', NULL, NULL, NULL, 0, '2025-09-23 21:14:49');
INSERT OR REPLACE INTO survey_answers (id, response_id, question_id, answer_text, answer_numeric, answer_boolean, answer_date, is_empty, created_at) VALUES (1092, 39, 117, '2025-09-17 12:32:27', NULL, NULL, NULL, 0, '2025-09-23 21:14:49');
INSERT OR REPLACE INTO survey_answers (id, response_id, question_id, answer_text, answer_numeric, answer_boolean, answer_date, is_empty, created_at) VALUES (1093, 39, 118, 'Complete', NULL, NULL, NULL, 0, '2025-09-23 21:14:49');
INSERT OR REPLACE INTO survey_answers (id, response_id, question_id, answer_text, answer_numeric, answer_boolean, answer_date, is_empty, created_at) VALUES (1094, 39, 119, '208.104.186.211', NULL, NULL, NULL, 0, '2025-09-23 21:14:49');
INSERT OR REPLACE INTO survey_answers (id, response_id, question_id, answer_text, answer_numeric, answer_boolean, answer_date, is_empty, created_at) VALUES (1095, 39, 120, 'Im ready to start now!', NULL, NULL, NULL, 0, '2025-09-23 21:14:49');
INSERT OR REPLACE INTO survey_answers (id, response_id, question_id, answer_text, answer_numeric, answer_boolean, answer_date, is_empty, created_at) VALUES (1096, 40, 106, 'Were working on it', NULL, NULL, NULL, 0, '2025-09-23 21:14:49');
INSERT OR REPLACE INTO survey_answers (id, response_id, question_id, answer_text, answer_numeric, answer_boolean, answer_date, is_empty, created_at) VALUES (1097, 40, 107, 'Thank you!  This is perfect timing for us and will add so much value.', NULL, NULL, NULL, 0, '2025-09-23 21:14:49');
INSERT OR REPLACE INTO survey_answers (id, response_id, question_id, answer_text, answer_numeric, answer_boolean, answer_date, is_empty, created_at) VALUES (1098, 40, 108, '67', 67.0, NULL, NULL, 0, '2025-09-23 21:14:49');
INSERT OR REPLACE INTO survey_answers (id, response_id, question_id, answer_text, answer_numeric, answer_boolean, answer_date, is_empty, created_at) VALUES (1099, 40, 109, 'jamie.simon@jewishcamp.org', NULL, NULL, NULL, 0, '2025-09-23 21:14:49');
INSERT OR REPLACE INTO survey_answers (id, response_id, question_id, answer_text, answer_numeric, answer_boolean, answer_date, is_empty, created_at) VALUES (1100, 40, 110, '2025-09-18 20:23:39', NULL, NULL, NULL, 0, '2025-09-23 21:14:49');
INSERT OR REPLACE INTO survey_answers (id, response_id, question_id, answer_text, answer_numeric, answer_boolean, answer_date, is_empty, created_at) VALUES (1101, 40, 111, 'Jamie Simon', NULL, NULL, NULL, 0, '2025-09-23 21:14:49');
INSERT OR REPLACE INTO survey_answers (id, response_id, question_id, answer_text, answer_numeric, answer_boolean, answer_date, is_empty, created_at) VALUES (1102, 40, 112, 'Foundation for Jewish Camp', NULL, NULL, NULL, 0, '2025-09-23 21:14:49');
INSERT OR REPLACE INTO survey_answers (id, response_id, question_id, answer_text, answer_numeric, answer_boolean, answer_date, is_empty, created_at) VALUES (1103, 40, 113, 'Strategic Development: A formal group meets regularly and is in the early stages of developing an organization-wide AI strategy.', NULL, NULL, NULL, 0, '2025-09-23 21:14:49');
INSERT OR REPLACE INTO survey_answers (id, response_id, question_id, answer_text, answer_numeric, answer_boolean, answer_date, is_empty, created_at) VALUES (1104, 40, 114, '16759739', 16759739.0, NULL, NULL, 0, '2025-09-23 21:14:49');
INSERT OR REPLACE INTO survey_answers (id, response_id, question_id, answer_text, answer_numeric, answer_boolean, answer_date, is_empty, created_at) VALUES (1105, 40, 115, 'N/A', NULL, NULL, NULL, 0, '2025-09-23 21:14:49');
INSERT OR REPLACE INTO survey_answers (id, response_id, question_id, answer_text, answer_numeric, answer_boolean, answer_date, is_empty, created_at) VALUES (1106, 40, 116, 'CEO', NULL, NULL, NULL, 0, '2025-09-23 21:14:49');
INSERT OR REPLACE INTO survey_answers (id, response_id, question_id, answer_text, answer_numeric, answer_boolean, answer_date, is_empty, created_at) VALUES (1107, 40, 117, '2025-09-18 20:22:32', NULL, NULL, NULL, 0, '2025-09-23 21:14:49');
INSERT OR REPLACE INTO survey_answers (id, response_id, question_id, answer_text, answer_numeric, answer_boolean, answer_date, is_empty, created_at) VALUES (1108, 40, 118, 'Complete', NULL, NULL, NULL, 0, '2025-09-23 21:14:49');
INSERT OR REPLACE INTO survey_answers (id, response_id, question_id, answer_text, answer_numeric, answer_boolean, answer_date, is_empty, created_at) VALUES (1109, 40, 119, '99.196.129.7', NULL, NULL, NULL, 0, '2025-09-23 21:14:49');
INSERT OR REPLACE INTO survey_answers (id, response_id, question_id, answer_text, answer_numeric, answer_boolean, answer_date, is_empty, created_at) VALUES (1110, 40, 120, 'In 3 - 6 months', NULL, NULL, NULL, 0, '2025-09-23 21:14:49');
INSERT OR REPLACE INTO survey_answers (id, response_id, question_id, answer_text, answer_numeric, answer_boolean, answer_date, is_empty, created_at) VALUES (1111, 41, 106, 'No, but I''d like to learn more', NULL, NULL, NULL, 0, '2025-09-23 21:14:49');
INSERT OR REPLACE INTO survey_answers (id, response_id, question_id, answer_text, answer_numeric, answer_boolean, answer_date, is_empty, created_at) VALUES (1112, 41, 107, NULL, NULL, NULL, NULL, 1, '2025-09-23 21:14:49');
INSERT OR REPLACE INTO survey_answers (id, response_id, question_id, answer_text, answer_numeric, answer_boolean, answer_date, is_empty, created_at) VALUES (1113, 41, 108, '75', 75.0, NULL, NULL, 0, '2025-09-23 21:14:49');
INSERT OR REPLACE INTO survey_answers (id, response_id, question_id, answer_text, answer_numeric, answer_boolean, answer_date, is_empty, created_at) VALUES (1114, 41, 109, 'violeta@jewtina.org', NULL, NULL, NULL, 0, '2025-09-23 21:14:49');
INSERT OR REPLACE INTO survey_answers (id, response_id, question_id, answer_text, answer_numeric, answer_boolean, answer_date, is_empty, created_at) VALUES (1115, 41, 110, '2025-09-19 9:27:05', NULL, NULL, NULL, 0, '2025-09-23 21:14:49');
INSERT OR REPLACE INTO survey_answers (id, response_id, question_id, answer_text, answer_numeric, answer_boolean, answer_date, is_empty, created_at) VALUES (1116, 41, 111, 'Violeta Stolpen', NULL, NULL, NULL, 0, '2025-09-23 21:14:49');
INSERT OR REPLACE INTO survey_answers (id, response_id, question_id, answer_text, answer_numeric, answer_boolean, answer_date, is_empty, created_at) VALUES (1117, 41, 112, 'Jewtina', NULL, NULL, NULL, 0, '2025-09-23 21:14:49');
INSERT OR REPLACE INTO survey_answers (id, response_id, question_id, answer_text, answer_numeric, answer_boolean, answer_date, is_empty, created_at) VALUES (1118, 41, 113, 'Individual Use: A limited number of staff are using AI tools to streamline their work, but there is no coordinated organizational approach.', NULL, NULL, NULL, 0, '2025-09-23 21:14:49');
INSERT OR REPLACE INTO survey_answers (id, response_id, question_id, answer_text, answer_numeric, answer_boolean, answer_date, is_empty, created_at) VALUES (1119, 41, 114, '16761152', 16761152.0, NULL, NULL, 0, '2025-09-23 21:14:49');
INSERT OR REPLACE INTO survey_answers (id, response_id, question_id, answer_text, answer_numeric, answer_boolean, answer_date, is_empty, created_at) VALUES (1120, 41, 115, 'N/A', NULL, NULL, NULL, 0, '2025-09-23 21:14:49');
INSERT OR REPLACE INTO survey_answers (id, response_id, question_id, answer_text, answer_numeric, answer_boolean, answer_date, is_empty, created_at) VALUES (1121, 41, 116, 'Director of Operations', NULL, NULL, NULL, 0, '2025-09-23 21:14:49');
INSERT OR REPLACE INTO survey_answers (id, response_id, question_id, answer_text, answer_numeric, answer_boolean, answer_date, is_empty, created_at) VALUES (1122, 41, 117, '2025-09-19 9:25:50', NULL, NULL, NULL, 0, '2025-09-23 21:14:49');
INSERT OR REPLACE INTO survey_answers (id, response_id, question_id, answer_text, answer_numeric, answer_boolean, answer_date, is_empty, created_at) VALUES (1123, 41, 118, 'Complete', NULL, NULL, NULL, 0, '2025-09-23 21:14:49');
INSERT OR REPLACE INTO survey_answers (id, response_id, question_id, answer_text, answer_numeric, answer_boolean, answer_date, is_empty, created_at) VALUES (1124, 41, 119, '65.121.47.24', NULL, NULL, NULL, 0, '2025-09-23 21:14:49');
INSERT OR REPLACE INTO survey_answers (id, response_id, question_id, answer_text, answer_numeric, answer_boolean, answer_date, is_empty, created_at) VALUES (1125, 41, 120, 'In 3 - 6 months', NULL, NULL, NULL, 0, '2025-09-23 21:14:49');
INSERT OR REPLACE INTO survey_answers (id, response_id, question_id, answer_text, answer_numeric, answer_boolean, answer_date, is_empty, created_at) VALUES (1126, 42, 106, 'Were working on it', NULL, NULL, NULL, 0, '2025-09-23 21:14:49');
INSERT OR REPLACE INTO survey_answers (id, response_id, question_id, answer_text, answer_numeric, answer_boolean, answer_date, is_empty, created_at) VALUES (1127, 42, 107, NULL, NULL, NULL, NULL, 1, '2025-09-23 21:14:49');
INSERT OR REPLACE INTO survey_answers (id, response_id, question_id, answer_text, answer_numeric, answer_boolean, answer_date, is_empty, created_at) VALUES (1128, 42, 108, '71', 71.0, NULL, NULL, 0, '2025-09-23 21:14:49');
INSERT OR REPLACE INTO survey_answers (id, response_id, question_id, answer_text, answer_numeric, answer_boolean, answer_date, is_empty, created_at) VALUES (1129, 42, 109, 'shane@rebooters.net', NULL, NULL, NULL, 0, '2025-09-23 21:14:49');
INSERT OR REPLACE INTO survey_answers (id, response_id, question_id, answer_text, answer_numeric, answer_boolean, answer_date, is_empty, created_at) VALUES (1130, 42, 110, '2025-09-19 10:21:25', NULL, NULL, NULL, 0, '2025-09-23 21:14:49');
INSERT OR REPLACE INTO survey_answers (id, response_id, question_id, answer_text, answer_numeric, answer_boolean, answer_date, is_empty, created_at) VALUES (1131, 42, 111, 'Shane Hankins', NULL, NULL, NULL, 0, '2025-09-23 21:14:49');
INSERT OR REPLACE INTO survey_answers (id, response_id, question_id, answer_text, answer_numeric, answer_boolean, answer_date, is_empty, created_at) VALUES (1132, 42, 112, 'Reboot', NULL, NULL, NULL, 0, '2025-09-23 21:14:49');
INSERT OR REPLACE INTO survey_answers (id, response_id, question_id, answer_text, answer_numeric, answer_boolean, answer_date, is_empty, created_at) VALUES (1133, 42, 113, 'Strategic Development: A formal group meets regularly and is in the early stages of developing an organization-wide AI strategy.', NULL, NULL, NULL, 0, '2025-09-23 21:14:49');
INSERT OR REPLACE INTO survey_answers (id, response_id, question_id, answer_text, answer_numeric, answer_boolean, answer_date, is_empty, created_at) VALUES (1134, 42, 114, '16761447', 16761447.0, NULL, NULL, 0, '2025-09-23 21:14:49');
INSERT OR REPLACE INTO survey_answers (id, response_id, question_id, answer_text, answer_numeric, answer_boolean, answer_date, is_empty, created_at) VALUES (1135, 42, 115, 'N/A', NULL, NULL, NULL, 0, '2025-09-23 21:14:49');
INSERT OR REPLACE INTO survey_answers (id, response_id, question_id, answer_text, answer_numeric, answer_boolean, answer_date, is_empty, created_at) VALUES (1136, 42, 116, 'COO', NULL, NULL, NULL, 0, '2025-09-23 21:14:49');
INSERT OR REPLACE INTO survey_answers (id, response_id, question_id, answer_text, answer_numeric, answer_boolean, answer_date, is_empty, created_at) VALUES (1137, 42, 117, '2025-09-19 10:20:14', NULL, NULL, NULL, 0, '2025-09-23 21:14:49');
INSERT OR REPLACE INTO survey_answers (id, response_id, question_id, answer_text, answer_numeric, answer_boolean, answer_date, is_empty, created_at) VALUES (1138, 42, 118, 'Complete', NULL, NULL, NULL, 0, '2025-09-23 21:14:49');
INSERT OR REPLACE INTO survey_answers (id, response_id, question_id, answer_text, answer_numeric, answer_boolean, answer_date, is_empty, created_at) VALUES (1139, 42, 119, '24.46.193.125', NULL, NULL, NULL, 0, '2025-09-23 21:14:49');
INSERT OR REPLACE INTO survey_answers (id, response_id, question_id, answer_text, answer_numeric, answer_boolean, answer_date, is_empty, created_at) VALUES (1140, 42, 120, 'Im ready to start now!', NULL, NULL, NULL, 0, '2025-09-23 21:14:49');
INSERT OR REPLACE INTO survey_answers (id, response_id, question_id, answer_text, answer_numeric, answer_boolean, answer_date, is_empty, created_at) VALUES (1141, 43, 106, 'No', NULL, 0, NULL, 0, '2025-09-23 21:14:49');
INSERT OR REPLACE INTO survey_answers (id, response_id, question_id, answer_text, answer_numeric, answer_boolean, answer_date, is_empty, created_at) VALUES (1142, 43, 107, NULL, NULL, NULL, NULL, 1, '2025-09-23 21:14:49');
INSERT OR REPLACE INTO survey_answers (id, response_id, question_id, answer_text, answer_numeric, answer_boolean, answer_date, is_empty, created_at) VALUES (1143, 43, 108, '18', 18.0, NULL, NULL, 0, '2025-09-23 21:14:49');
INSERT OR REPLACE INTO survey_answers (id, response_id, question_id, answer_text, answer_numeric, answer_boolean, answer_date, is_empty, created_at) VALUES (1144, 43, 109, 'sroth@lauder-impact.org', NULL, NULL, NULL, 0, '2025-09-23 21:14:49');
INSERT OR REPLACE INTO survey_answers (id, response_id, question_id, answer_text, answer_numeric, answer_boolean, answer_date, is_empty, created_at) VALUES (1145, 43, 110, '2025-09-19 17:01:18', NULL, NULL, NULL, 0, '2025-09-23 21:14:49');
INSERT OR REPLACE INTO survey_answers (id, response_id, question_id, answer_text, answer_numeric, answer_boolean, answer_date, is_empty, created_at) VALUES (1146, 43, 111, 'Sam Roth', NULL, NULL, NULL, 0, '2025-09-23 21:14:49');
INSERT OR REPLACE INTO survey_answers (id, response_id, question_id, answer_text, answer_numeric, answer_boolean, answer_date, is_empty, created_at) VALUES (1147, 43, 112, 'Lauder Impact Initiative', NULL, NULL, NULL, 0, '2025-09-23 21:14:49');
INSERT OR REPLACE INTO survey_answers (id, response_id, question_id, answer_text, answer_numeric, answer_boolean, answer_date, is_empty, created_at) VALUES (1148, 43, 113, 'Individual Use: A limited number of staff are using AI tools to streamline their work, but there is no coordinated organizational approach.', NULL, NULL, NULL, 0, '2025-09-23 21:14:49');
INSERT OR REPLACE INTO survey_answers (id, response_id, question_id, answer_text, answer_numeric, answer_boolean, answer_date, is_empty, created_at) VALUES (1149, 43, 114, '16763532', 16763532.0, NULL, NULL, 0, '2025-09-23 21:14:49');
INSERT OR REPLACE INTO survey_answers (id, response_id, question_id, answer_text, answer_numeric, answer_boolean, answer_date, is_empty, created_at) VALUES (1150, 43, 115, 'N/A', NULL, NULL, NULL, 0, '2025-09-23 21:14:49');
INSERT OR REPLACE INTO survey_answers (id, response_id, question_id, answer_text, answer_numeric, answer_boolean, answer_date, is_empty, created_at) VALUES (1151, 43, 116, 'Director of Operations and Strategy', NULL, NULL, NULL, 0, '2025-09-23 21:14:49');
INSERT OR REPLACE INTO survey_answers (id, response_id, question_id, answer_text, answer_numeric, answer_boolean, answer_date, is_empty, created_at) VALUES (1152, 43, 117, '2025-09-19 17:01:00', NULL, NULL, NULL, 0, '2025-09-23 21:14:49');
INSERT OR REPLACE INTO survey_answers (id, response_id, question_id, answer_text, answer_numeric, answer_boolean, answer_date, is_empty, created_at) VALUES (1153, 43, 118, 'Complete', NULL, NULL, NULL, 0, '2025-09-23 21:14:49');
INSERT OR REPLACE INTO survey_answers (id, response_id, question_id, answer_text, answer_numeric, answer_boolean, answer_date, is_empty, created_at) VALUES (1154, 43, 119, '47.230.17.59', NULL, NULL, NULL, 0, '2025-09-23 21:14:49');
INSERT OR REPLACE INTO survey_answers (id, response_id, question_id, answer_text, answer_numeric, answer_boolean, answer_date, is_empty, created_at) VALUES (1155, 43, 120, 'Im ready to start now!', NULL, NULL, NULL, 0, '2025-09-23 21:14:49');
INSERT OR REPLACE INTO survey_answers (id, response_id, question_id, answer_text, answer_numeric, answer_boolean, answer_date, is_empty, created_at) VALUES (1156, 44, 106, 'No, but I''d like to learn more', NULL, NULL, NULL, 0, '2025-09-23 21:14:49');
INSERT OR REPLACE INTO survey_answers (id, response_id, question_id, answer_text, answer_numeric, answer_boolean, answer_date, is_empty, created_at) VALUES (1157, 44, 107, 'We are exciting about digging into this.  We are also under fiscal sponsorship and rely on their guidelines for AI.', NULL, NULL, NULL, 0, '2025-09-23 21:14:49');
INSERT OR REPLACE INTO survey_answers (id, response_id, question_id, answer_text, answer_numeric, answer_boolean, answer_date, is_empty, created_at) VALUES (1158, 44, 108, '75', 75.0, NULL, NULL, 0, '2025-09-23 21:14:49');
INSERT OR REPLACE INTO survey_answers (id, response_id, question_id, answer_text, answer_numeric, answer_boolean, answer_date, is_empty, created_at) VALUES (1159, 44, 109, 'shaina@srenetwork.org', NULL, NULL, NULL, 0, '2025-09-23 21:14:49');
INSERT OR REPLACE INTO survey_answers (id, response_id, question_id, answer_text, answer_numeric, answer_boolean, answer_date, is_empty, created_at) VALUES (1160, 44, 110, '2025-09-22 12:40:57', NULL, NULL, NULL, 0, '2025-09-23 21:14:49');
INSERT OR REPLACE INTO survey_answers (id, response_id, question_id, answer_text, answer_numeric, answer_boolean, answer_date, is_empty, created_at) VALUES (1161, 44, 111, 'Shaina Wasserman', NULL, NULL, NULL, 0, '2025-09-23 21:14:49');
INSERT OR REPLACE INTO survey_answers (id, response_id, question_id, answer_text, answer_numeric, answer_boolean, answer_date, is_empty, created_at) VALUES (1162, 44, 112, 'Safety, Respect, Equity Network', NULL, NULL, NULL, 0, '2025-09-23 21:14:49');
INSERT OR REPLACE INTO survey_answers (id, response_id, question_id, answer_text, answer_numeric, answer_boolean, answer_date, is_empty, created_at) VALUES (1163, 44, 113, 'Individual Use: A limited number of staff are using AI tools to streamline their work, but there is no coordinated organizational approach.', NULL, NULL, NULL, 0, '2025-09-23 21:14:49');
INSERT OR REPLACE INTO survey_answers (id, response_id, question_id, answer_text, answer_numeric, answer_boolean, answer_date, is_empty, created_at) VALUES (1164, 44, 114, '16770051', 16770051.0, NULL, NULL, 0, '2025-09-23 21:14:49');
INSERT OR REPLACE INTO survey_answers (id, response_id, question_id, answer_text, answer_numeric, answer_boolean, answer_date, is_empty, created_at) VALUES (1165, 44, 115, 'N/A', NULL, NULL, NULL, 0, '2025-09-23 21:14:49');
INSERT OR REPLACE INTO survey_answers (id, response_id, question_id, answer_text, answer_numeric, answer_boolean, answer_date, is_empty, created_at) VALUES (1166, 44, 116, 'Senior Director of Strategic Operations', NULL, NULL, NULL, 0, '2025-09-23 21:14:49');
INSERT OR REPLACE INTO survey_answers (id, response_id, question_id, answer_text, answer_numeric, answer_boolean, answer_date, is_empty, created_at) VALUES (1167, 44, 117, '2025-09-22 12:39:42', NULL, NULL, NULL, 0, '2025-09-23 21:14:49');
INSERT OR REPLACE INTO survey_answers (id, response_id, question_id, answer_text, answer_numeric, answer_boolean, answer_date, is_empty, created_at) VALUES (1168, 44, 118, 'Complete', NULL, NULL, NULL, 0, '2025-09-23 21:14:49');
INSERT OR REPLACE INTO survey_answers (id, response_id, question_id, answer_text, answer_numeric, answer_boolean, answer_date, is_empty, created_at) VALUES (1169, 44, 119, '73.8.216.76', NULL, NULL, NULL, 0, '2025-09-23 21:14:49');
INSERT OR REPLACE INTO survey_answers (id, response_id, question_id, answer_text, answer_numeric, answer_boolean, answer_date, is_empty, created_at) VALUES (1170, 44, 120, 'In 1 - 3 months', NULL, NULL, NULL, 0, '2025-09-23 21:14:49');
INSERT OR REPLACE INTO survey_answers (id, response_id, question_id, answer_text, answer_numeric, answer_boolean, answer_date, is_empty, created_at) VALUES (32911, 825, 33151, 'Staff', NULL, NULL, NULL, 0, '2025-09-24 19:57:23');
INSERT OR REPLACE INTO survey_answers (id, response_id, question_id, answer_text, answer_numeric, answer_boolean, answer_date, is_empty, created_at) VALUES (32912, 825, 33152, 'Yes', NULL, 1, NULL, 0, '2025-09-24 19:57:23');
INSERT OR REPLACE INTO survey_answers (id, response_id, question_id, answer_text, answer_numeric, answer_boolean, answer_date, is_empty, created_at) VALUES (32913, 825, 33153, '1', 1.0, 1, NULL, 0, '2025-09-24 19:57:23');
INSERT OR REPLACE INTO survey_answers (id, response_id, question_id, answer_text, answer_numeric, answer_boolean, answer_date, is_empty, created_at) VALUES (32914, 825, 33154, '4', 4.0, NULL, NULL, 0, '2025-09-24 19:57:23');
INSERT OR REPLACE INTO survey_answers (id, response_id, question_id, answer_text, answer_numeric, answer_boolean, answer_date, is_empty, created_at) VALUES (32915, 825, 33155, '3', 3.0, NULL, NULL, 0, '2025-09-24 19:57:23');
INSERT OR REPLACE INTO survey_answers (id, response_id, question_id, answer_text, answer_numeric, answer_boolean, answer_date, is_empty, created_at) VALUES (32916, 825, 33156, NULL, NULL, NULL, NULL, 1, '2025-09-24 19:57:23');
INSERT OR REPLACE INTO survey_answers (id, response_id, question_id, answer_text, answer_numeric, answer_boolean, answer_date, is_empty, created_at) VALUES (32917, 825, 33157, '4', 4.0, NULL, NULL, 0, '2025-09-24 19:57:23');
INSERT OR REPLACE INTO survey_answers (id, response_id, question_id, answer_text, answer_numeric, answer_boolean, answer_date, is_empty, created_at) VALUES (32918, 825, 33158, NULL, NULL, NULL, NULL, 1, '2025-09-24 19:57:23');
INSERT OR REPLACE INTO survey_answers (id, response_id, question_id, answer_text, answer_numeric, answer_boolean, answer_date, is_empty, created_at) VALUES (32919, 825, 33159, NULL, NULL, NULL, NULL, 1, '2025-09-24 19:57:23');
INSERT OR REPLACE INTO survey_answers (id, response_id, question_id, answer_text, answer_numeric, answer_boolean, answer_date, is_empty, created_at) VALUES (32920, 825, 33160, '2', 2.0, NULL, NULL, 0, '2025-09-24 19:57:23');
INSERT OR REPLACE INTO survey_answers (id, response_id, question_id, answer_text, answer_numeric, answer_boolean, answer_date, is_empty, created_at) VALUES (32921, 825, 33161, '5', 5.0, NULL, NULL, 0, '2025-09-24 19:57:23');
INSERT OR REPLACE INTO survey_answers (id, response_id, question_id, answer_text, answer_numeric, answer_boolean, answer_date, is_empty, created_at) VALUES (32922, 825, 33162, '2', 2.0, NULL, NULL, 0, '2025-09-24 19:57:23');
INSERT OR REPLACE INTO survey_answers (id, response_id, question_id, answer_text, answer_numeric, answer_boolean, answer_date, is_empty, created_at) VALUES (32923, 825, 33163, '4', 4.0, NULL, NULL, 0, '2025-09-24 19:57:23');
INSERT OR REPLACE INTO survey_answers (id, response_id, question_id, answer_text, answer_numeric, answer_boolean, answer_date, is_empty, created_at) VALUES (32924, 825, 33164, '1', 1.0, 1, NULL, 0, '2025-09-24 19:57:23');
INSERT OR REPLACE INTO survey_answers (id, response_id, question_id, answer_text, answer_numeric, answer_boolean, answer_date, is_empty, created_at) VALUES (32925, 825, 33165, '3', 3.0, NULL, NULL, 0, '2025-09-24 19:57:23');
INSERT OR REPLACE INTO survey_answers (id, response_id, question_id, answer_text, answer_numeric, answer_boolean, answer_date, is_empty, created_at) VALUES (32926, 825, 33166, '2', 2.0, NULL, NULL, 0, '2025-09-24 19:57:23');
INSERT OR REPLACE INTO survey_answers (id, response_id, question_id, answer_text, answer_numeric, answer_boolean, answer_date, is_empty, created_at) VALUES (32927, 825, 33167, '3', 3.0, NULL, NULL, 0, '2025-09-24 19:57:23');
INSERT OR REPLACE INTO survey_answers (id, response_id, question_id, answer_text, answer_numeric, answer_boolean, answer_date, is_empty, created_at) VALUES (32928, 825, 33168, '4', 4.0, NULL, NULL, 0, '2025-09-24 19:57:23');
INSERT OR REPLACE INTO survey_answers (id, response_id, question_id, answer_text, answer_numeric, answer_boolean, answer_date, is_empty, created_at) VALUES (32929, 825, 33169, '5', 5.0, NULL, NULL, 0, '2025-09-24 19:57:23');
INSERT OR REPLACE INTO survey_answers (id, response_id, question_id, answer_text, answer_numeric, answer_boolean, answer_date, is_empty, created_at) VALUES (32930, 825, 33170, '1', 1.0, 1, NULL, 0, '2025-09-24 19:57:23');
INSERT OR REPLACE INTO survey_answers (id, response_id, question_id, answer_text, answer_numeric, answer_boolean, answer_date, is_empty, created_at) VALUES (32931, 825, 33171, '0', 0.0, 0, NULL, 0, '2025-09-24 19:57:23');
INSERT OR REPLACE INTO survey_answers (id, response_id, question_id, answer_text, answer_numeric, answer_boolean, answer_date, is_empty, created_at) VALUES (32932, 825, 33172, NULL, NULL, NULL, NULL, 1, '2025-09-24 19:57:23');
INSERT OR REPLACE INTO survey_answers (id, response_id, question_id, answer_text, answer_numeric, answer_boolean, answer_date, is_empty, created_at) VALUES (32933, 825, 33173, '3', 3.0, NULL, NULL, 0, '2025-09-24 19:57:23');
INSERT OR REPLACE INTO survey_answers (id, response_id, question_id, answer_text, answer_numeric, answer_boolean, answer_date, is_empty, created_at) VALUES (32934, 825, 33174, '0', 0.0, 0, NULL, 0, '2025-09-24 19:57:23');
INSERT OR REPLACE INTO survey_answers (id, response_id, question_id, answer_text, answer_numeric, answer_boolean, answer_date, is_empty, created_at) VALUES (32935, 825, 33175, NULL, NULL, NULL, NULL, 1, '2025-09-24 19:57:23');
INSERT OR REPLACE INTO survey_answers (id, response_id, question_id, answer_text, answer_numeric, answer_boolean, answer_date, is_empty, created_at) VALUES (32936, 825, 33176, 'Lack of funding for technology investments | Insufficient technical expertise/staffing | Security and privacy concerns', NULL, NULL, NULL, 0, '2025-09-24 19:57:23');
INSERT OR REPLACE INTO survey_answers (id, response_id, question_id, answer_text, answer_numeric, answer_boolean, answer_date, is_empty, created_at) VALUES (32937, 825, 33177, 'Improving data management and analytics capabilities | Developing mobile and remote work capabilities | Implementing new communication and engagement tools', NULL, NULL, NULL, 0, '2025-09-24 19:57:23');
INSERT OR REPLACE INTO survey_answers (id, response_id, question_id, answer_text, answer_numeric, answer_boolean, answer_date, is_empty, created_at) VALUES (32938, 825, 33178, 'Jewish Studio Project', NULL, NULL, NULL, 0, '2025-09-24 19:57:23');
INSERT OR REPLACE INTO survey_answers (id, response_id, question_id, answer_text, answer_numeric, answer_boolean, answer_date, is_empty, created_at) VALUES (32939, 825, 33179, '285', 285.0, NULL, NULL, 0, '2025-09-24 19:57:23');
INSERT OR REPLACE INTO survey_answers (id, response_id, question_id, answer_text, answer_numeric, answer_boolean, answer_date, is_empty, created_at) VALUES (32940, 825, 33180, '2025-09-16 15:41:54', NULL, NULL, NULL, 0, '2025-09-24 19:57:23');
INSERT OR REPLACE INTO survey_answers (id, response_id, question_id, answer_text, answer_numeric, answer_boolean, answer_date, is_empty, created_at) VALUES (32941, 825, 33181, 'Jess', NULL, NULL, NULL, 0, '2025-09-24 19:57:23');
INSERT OR REPLACE INTO survey_answers (id, response_id, question_id, answer_text, answer_numeric, answer_boolean, answer_date, is_empty, created_at) VALUES (32942, 825, 33182, '16749130', 16749130.0, NULL, NULL, 0, '2025-09-24 19:57:23');
INSERT OR REPLACE INTO survey_answers (id, response_id, question_id, answer_text, answer_numeric, answer_boolean, answer_date, is_empty, created_at) VALUES (32943, 825, 33183, 'N/A', NULL, NULL, NULL, 0, '2025-09-24 19:57:23');
INSERT OR REPLACE INTO survey_answers (id, response_id, question_id, answer_text, answer_numeric, answer_boolean, answer_date, is_empty, created_at) VALUES (32944, 825, 33184, 'jess@leadingedge.org', NULL, NULL, NULL, 0, '2025-09-24 19:57:23');
INSERT OR REPLACE INTO survey_answers (id, response_id, question_id, answer_text, answer_numeric, answer_boolean, answer_date, is_empty, created_at) VALUES (32945, 825, 33185, 'Staff', NULL, NULL, NULL, 0, '2025-09-24 19:57:23');
INSERT OR REPLACE INTO survey_answers (id, response_id, question_id, answer_text, answer_numeric, answer_boolean, answer_date, is_empty, created_at) VALUES (32946, 825, 33186, 'A', NULL, NULL, NULL, 0, '2025-09-24 19:57:23');
INSERT OR REPLACE INTO survey_answers (id, response_id, question_id, answer_text, answer_numeric, answer_boolean, answer_date, is_empty, created_at) VALUES (32947, 825, 33187, 'Staff', NULL, NULL, NULL, 0, '2025-09-24 19:57:23');
INSERT OR REPLACE INTO survey_answers (id, response_id, question_id, answer_text, answer_numeric, answer_boolean, answer_date, is_empty, created_at) VALUES (32948, 825, 33188, 'jess@leadingedge.org', NULL, NULL, NULL, 0, '2025-09-24 19:57:23');
INSERT OR REPLACE INTO survey_answers (id, response_id, question_id, answer_text, answer_numeric, answer_boolean, answer_date, is_empty, created_at) VALUES (32949, 825, 33189, 'B', NULL, NULL, NULL, 0, '2025-09-24 19:57:23');
INSERT OR REPLACE INTO survey_answers (id, response_id, question_id, answer_text, answer_numeric, answer_boolean, answer_date, is_empty, created_at) VALUES (32950, 825, 33190, 'Staff', NULL, NULL, NULL, 0, '2025-09-24 19:57:23');
INSERT OR REPLACE INTO survey_answers (id, response_id, question_id, answer_text, answer_numeric, answer_boolean, answer_date, is_empty, created_at) VALUES (32951, 825, 33191, 'jess@leadingedge.org', NULL, NULL, NULL, 0, '2025-09-24 19:57:23');
INSERT OR REPLACE INTO survey_answers (id, response_id, question_id, answer_text, answer_numeric, answer_boolean, answer_date, is_empty, created_at) VALUES (32952, 825, 33192, 'Staff', NULL, NULL, NULL, 0, '2025-09-24 19:57:23');
INSERT OR REPLACE INTO survey_answers (id, response_id, question_id, answer_text, answer_numeric, answer_boolean, answer_date, is_empty, created_at) VALUES (32953, 825, 33193, 'Staff', NULL, NULL, NULL, 0, '2025-09-24 19:57:23');
INSERT OR REPLACE INTO survey_answers (id, response_id, question_id, answer_text, answer_numeric, answer_boolean, answer_date, is_empty, created_at) VALUES (32954, 825, 33194, 'C', NULL, NULL, NULL, 0, '2025-09-24 19:57:23');
INSERT OR REPLACE INTO survey_answers (id, response_id, question_id, answer_text, answer_numeric, answer_boolean, answer_date, is_empty, created_at) VALUES (32955, 825, 33195, 'jess@leadingedge.org', NULL, NULL, NULL, 0, '2025-09-24 19:57:23');
INSERT OR REPLACE INTO survey_answers (id, response_id, question_id, answer_text, answer_numeric, answer_boolean, answer_date, is_empty, created_at) VALUES (32956, 825, 33196, 'Staff', NULL, NULL, NULL, 0, '2025-09-24 19:57:23');
INSERT OR REPLACE INTO survey_answers (id, response_id, question_id, answer_text, answer_numeric, answer_boolean, answer_date, is_empty, created_at) VALUES (32957, 825, 33197, 'Staff', NULL, NULL, NULL, 0, '2025-09-24 19:57:23');
INSERT OR REPLACE INTO survey_answers (id, response_id, question_id, answer_text, answer_numeric, answer_boolean, answer_date, is_empty, created_at) VALUES (32958, 825, 33198, 'D', NULL, NULL, NULL, 0, '2025-09-24 19:57:23');
INSERT OR REPLACE INTO survey_answers (id, response_id, question_id, answer_text, answer_numeric, answer_boolean, answer_date, is_empty, created_at) VALUES (32959, 825, 33199, 'jess@leadingedge.org', NULL, NULL, NULL, 0, '2025-09-24 19:57:23');
INSERT OR REPLACE INTO survey_answers (id, response_id, question_id, answer_text, answer_numeric, answer_boolean, answer_date, is_empty, created_at) VALUES (32960, 825, 33200, 'Staff', NULL, NULL, NULL, 0, '2025-09-24 19:57:23');
INSERT OR REPLACE INTO survey_answers (id, response_id, question_id, answer_text, answer_numeric, answer_boolean, answer_date, is_empty, created_at) VALUES (32961, 825, 33201, 'Staff', NULL, NULL, NULL, 0, '2025-09-24 19:57:23');
INSERT OR REPLACE INTO survey_answers (id, response_id, question_id, answer_text, answer_numeric, answer_boolean, answer_date, is_empty, created_at) VALUES (32962, 825, 33202, 'E', NULL, NULL, NULL, 0, '2025-09-24 19:57:23');
INSERT OR REPLACE INTO survey_answers (id, response_id, question_id, answer_text, answer_numeric, answer_boolean, answer_date, is_empty, created_at) VALUES (32963, 825, 33203, '2025-09-16 15:37:09', NULL, NULL, NULL, 0, '2025-09-24 19:57:23');
INSERT OR REPLACE INTO survey_answers (id, response_id, question_id, answer_text, answer_numeric, answer_boolean, answer_date, is_empty, created_at) VALUES (32964, 825, 33204, 'Complete', NULL, NULL, NULL, 0, '2025-09-24 19:57:23');
INSERT OR REPLACE INTO survey_answers (id, response_id, question_id, answer_text, answer_numeric, answer_boolean, answer_date, is_empty, created_at) VALUES (32965, 825, 33205, 'jess@leadingedge.org', NULL, NULL, NULL, 0, '2025-09-24 19:57:23');
INSERT OR REPLACE INTO survey_answers (id, response_id, question_id, answer_text, answer_numeric, answer_boolean, answer_date, is_empty, created_at) VALUES (32966, 825, 33206, 'Tech', NULL, NULL, NULL, 0, '2025-09-24 19:57:23');
INSERT OR REPLACE INTO survey_answers (id, response_id, question_id, answer_text, answer_numeric, answer_boolean, answer_date, is_empty, created_at) VALUES (32967, 825, 33207, 'Lead', NULL, NULL, NULL, 0, '2025-09-24 19:57:23');
INSERT OR REPLACE INTO survey_answers (id, response_id, question_id, answer_text, answer_numeric, answer_boolean, answer_date, is_empty, created_at) VALUES (32968, 825, 33208, 'Lead', NULL, NULL, NULL, 0, '2025-09-24 19:57:23');
INSERT OR REPLACE INTO survey_answers (id, response_id, question_id, answer_text, answer_numeric, answer_boolean, answer_date, is_empty, created_at) VALUES (32969, 825, 33209, '73.209.29.9', NULL, NULL, NULL, 0, '2025-09-24 19:57:23');
INSERT OR REPLACE INTO survey_answers (id, response_id, question_id, answer_text, answer_numeric, answer_boolean, answer_date, is_empty, created_at) VALUES (32970, 826, 33210, '43', 43.0, NULL, NULL, 0, '2025-09-24 19:57:23');
INSERT OR REPLACE INTO survey_answers (id, response_id, question_id, answer_text, answer_numeric, answer_boolean, answer_date, is_empty, created_at) VALUES (32971, 826, 33211, '2025-09-15 13:21:31', NULL, NULL, NULL, 0, '2025-09-24 19:57:23');
INSERT OR REPLACE INTO survey_answers (id, response_id, question_id, answer_text, answer_numeric, answer_boolean, answer_date, is_empty, created_at) VALUES (32972, 826, 33212, 'jess', NULL, NULL, NULL, 0, '2025-09-24 19:57:23');
INSERT OR REPLACE INTO survey_answers (id, response_id, question_id, answer_text, answer_numeric, answer_boolean, answer_date, is_empty, created_at) VALUES (32973, 826, 33213, 'Hillel International', NULL, NULL, NULL, 0, '2025-09-24 19:57:23');
INSERT OR REPLACE INTO survey_answers (id, response_id, question_id, answer_text, answer_numeric, answer_boolean, answer_date, is_empty, created_at) VALUES (32974, 826, 33214, '16743333', 16743333.0, NULL, NULL, 0, '2025-09-24 19:57:23');
INSERT OR REPLACE INTO survey_answers (id, response_id, question_id, answer_text, answer_numeric, answer_boolean, answer_date, is_empty, created_at) VALUES (32975, 826, 33215, 'N/A', NULL, NULL, NULL, 0, '2025-09-24 19:57:23');
INSERT OR REPLACE INTO survey_answers (id, response_id, question_id, answer_text, answer_numeric, answer_boolean, answer_date, is_empty, created_at) VALUES (32976, 826, 33216, '2025-09-15 13:20:48', NULL, NULL, NULL, 0, '2025-09-24 19:57:23');
INSERT OR REPLACE INTO survey_answers (id, response_id, question_id, answer_text, answer_numeric, answer_boolean, answer_date, is_empty, created_at) VALUES (32977, 826, 33217, 'Complete', NULL, NULL, NULL, 0, '2025-09-24 19:57:23');
INSERT OR REPLACE INTO survey_answers (id, response_id, question_id, answer_text, answer_numeric, answer_boolean, answer_date, is_empty, created_at) VALUES (32978, 826, 33218, 'Lack of funding for technology investments | Poor data quality or accessibility', NULL, NULL, NULL, 0, '2025-09-24 19:57:23');
INSERT OR REPLACE INTO survey_answers (id, response_id, question_id, answer_text, answer_numeric, answer_boolean, answer_date, is_empty, created_at) VALUES (32979, 826, 33219, NULL, NULL, NULL, NULL, 1, '2025-09-24 19:57:23');
INSERT OR REPLACE INTO survey_answers (id, response_id, question_id, answer_text, answer_numeric, answer_boolean, answer_date, is_empty, created_at) VALUES (32980, 826, 33220, '4', 4.0, NULL, NULL, 0, '2025-09-24 19:57:23');
INSERT OR REPLACE INTO survey_answers (id, response_id, question_id, answer_text, answer_numeric, answer_boolean, answer_date, is_empty, created_at) VALUES (32981, 826, 33221, '5', 5.0, NULL, NULL, 0, '2025-09-24 19:57:23');
INSERT OR REPLACE INTO survey_answers (id, response_id, question_id, answer_text, answer_numeric, answer_boolean, answer_date, is_empty, created_at) VALUES (32982, 826, 33222, '2', 2.0, NULL, NULL, 0, '2025-09-24 19:57:23');
INSERT OR REPLACE INTO survey_answers (id, response_id, question_id, answer_text, answer_numeric, answer_boolean, answer_date, is_empty, created_at) VALUES (32983, 826, 33223, '5', 5.0, NULL, NULL, 0, '2025-09-24 19:57:23');
INSERT OR REPLACE INTO survey_answers (id, response_id, question_id, answer_text, answer_numeric, answer_boolean, answer_date, is_empty, created_at) VALUES (32984, 826, 33224, '1', 1.0, 1, NULL, 0, '2025-09-24 19:57:23');
INSERT OR REPLACE INTO survey_answers (id, response_id, question_id, answer_text, answer_numeric, answer_boolean, answer_date, is_empty, created_at) VALUES (32985, 826, 33225, NULL, NULL, NULL, NULL, 1, '2025-09-24 19:57:23');
INSERT OR REPLACE INTO survey_answers (id, response_id, question_id, answer_text, answer_numeric, answer_boolean, answer_date, is_empty, created_at) VALUES (32986, 826, 33226, '2', 2.0, NULL, NULL, 0, '2025-09-24 19:57:23');
INSERT OR REPLACE INTO survey_answers (id, response_id, question_id, answer_text, answer_numeric, answer_boolean, answer_date, is_empty, created_at) VALUES (32987, 826, 33227, '5', 5.0, NULL, NULL, 0, '2025-09-24 19:57:23');
INSERT OR REPLACE INTO survey_answers (id, response_id, question_id, answer_text, answer_numeric, answer_boolean, answer_date, is_empty, created_at) VALUES (32988, 826, 33228, '1', 1.0, 1, NULL, 0, '2025-09-24 19:57:23');
INSERT OR REPLACE INTO survey_answers (id, response_id, question_id, answer_text, answer_numeric, answer_boolean, answer_date, is_empty, created_at) VALUES (32989, 826, 33229, '3', 3.0, NULL, NULL, 0, '2025-09-24 19:57:23');
INSERT OR REPLACE INTO survey_answers (id, response_id, question_id, answer_text, answer_numeric, answer_boolean, answer_date, is_empty, created_at) VALUES (32990, 826, 33230, '0', 0.0, 0, NULL, 0, '2025-09-24 19:57:23');
INSERT OR REPLACE INTO survey_answers (id, response_id, question_id, answer_text, answer_numeric, answer_boolean, answer_date, is_empty, created_at) VALUES (32991, 826, 33231, '4', 4.0, NULL, NULL, 0, '2025-09-24 19:57:23');
INSERT OR REPLACE INTO survey_answers (id, response_id, question_id, answer_text, answer_numeric, answer_boolean, answer_date, is_empty, created_at) VALUES (32992, 826, 33232, '0', 0.0, 0, NULL, 0, '2025-09-24 19:57:23');
INSERT OR REPLACE INTO survey_answers (id, response_id, question_id, answer_text, answer_numeric, answer_boolean, answer_date, is_empty, created_at) VALUES (32993, 826, 33233, '1', 1.0, 1, NULL, 0, '2025-09-24 19:57:23');
INSERT OR REPLACE INTO survey_answers (id, response_id, question_id, answer_text, answer_numeric, answer_boolean, answer_date, is_empty, created_at) VALUES (32994, 826, 33234, '2', 2.0, NULL, NULL, 0, '2025-09-24 19:57:23');
INSERT OR REPLACE INTO survey_answers (id, response_id, question_id, answer_text, answer_numeric, answer_boolean, answer_date, is_empty, created_at) VALUES (32995, 826, 33235, '4', 4.0, NULL, NULL, 0, '2025-09-24 19:57:23');
INSERT OR REPLACE INTO survey_answers (id, response_id, question_id, answer_text, answer_numeric, answer_boolean, answer_date, is_empty, created_at) VALUES (32996, 826, 33236, '0', 0.0, 0, NULL, 0, '2025-09-24 19:57:23');
INSERT OR REPLACE INTO survey_answers (id, response_id, question_id, answer_text, answer_numeric, answer_boolean, answer_date, is_empty, created_at) VALUES (32997, 826, 33237, NULL, NULL, NULL, NULL, 1, '2025-09-24 19:57:23');
INSERT OR REPLACE INTO survey_answers (id, response_id, question_id, answer_text, answer_numeric, answer_boolean, answer_date, is_empty, created_at) VALUES (32998, 826, 33238, 'Improving data management and analytics capabilities | Developing mobile and remote work capabilities | Hiring technology staff or consultants', NULL, NULL, NULL, 0, '2025-09-24 19:57:23');
INSERT OR REPLACE INTO survey_answers (id, response_id, question_id, answer_text, answer_numeric, answer_boolean, answer_date, is_empty, created_at) VALUES (32999, 826, 33239, '73.209.29.9', NULL, NULL, NULL, 0, '2025-09-24 19:57:23');
INSERT OR REPLACE INTO survey_answers (id, response_id, question_id, answer_text, answer_numeric, answer_boolean, answer_date, is_empty, created_at) VALUES (33000, 827, 33240, '54', 54.0, NULL, NULL, 0, '2025-09-24 19:57:23');
INSERT OR REPLACE INTO survey_answers (id, response_id, question_id, answer_text, answer_numeric, answer_boolean, answer_date, is_empty, created_at) VALUES (33001, 827, 33241, '2025-09-15 13:26:18', NULL, NULL, NULL, 0, '2025-09-24 19:57:23');
INSERT OR REPLACE INTO survey_answers (id, response_id, question_id, answer_text, answer_numeric, answer_boolean, answer_date, is_empty, created_at) VALUES (33002, 827, 33242, 'jess', NULL, NULL, NULL, 0, '2025-09-24 19:57:23');
INSERT OR REPLACE INTO survey_answers (id, response_id, question_id, answer_text, answer_numeric, answer_boolean, answer_date, is_empty, created_at) VALUES (33003, 827, 33243, 'Jewish New Teacher Project', NULL, NULL, NULL, 0, '2025-09-24 19:57:23');
INSERT OR REPLACE INTO survey_answers (id, response_id, question_id, answer_text, answer_numeric, answer_boolean, answer_date, is_empty, created_at) VALUES (33004, 827, 33244, '16743367', 16743367.0, NULL, NULL, 0, '2025-09-24 19:57:23');
INSERT OR REPLACE INTO survey_answers (id, response_id, question_id, answer_text, answer_numeric, answer_boolean, answer_date, is_empty, created_at) VALUES (33005, 827, 33245, 'N/A', NULL, NULL, NULL, 0, '2025-09-24 19:57:23');
INSERT OR REPLACE INTO survey_answers (id, response_id, question_id, answer_text, answer_numeric, answer_boolean, answer_date, is_empty, created_at) VALUES (33006, 827, 33246, '2', 2.0, NULL, NULL, 0, '2025-09-24 19:57:23');
INSERT OR REPLACE INTO survey_answers (id, response_id, question_id, answer_text, answer_numeric, answer_boolean, answer_date, is_empty, created_at) VALUES (33007, 827, 33247, '4', 4.0, NULL, NULL, 0, '2025-09-24 19:57:23');
INSERT OR REPLACE INTO survey_answers (id, response_id, question_id, answer_text, answer_numeric, answer_boolean, answer_date, is_empty, created_at) VALUES (33008, 827, 33248, '3', 3.0, NULL, NULL, 0, '2025-09-24 19:57:23');
INSERT OR REPLACE INTO survey_answers (id, response_id, question_id, answer_text, answer_numeric, answer_boolean, answer_date, is_empty, created_at) VALUES (33009, 827, 33249, NULL, NULL, NULL, NULL, 1, '2025-09-24 19:57:23');
INSERT OR REPLACE INTO survey_answers (id, response_id, question_id, answer_text, answer_numeric, answer_boolean, answer_date, is_empty, created_at) VALUES (33010, 827, 33250, 'Lack of funding for technology investments | Limited mobile/remote work capabilities', NULL, NULL, NULL, 0, '2025-09-24 19:57:23');
INSERT OR REPLACE INTO survey_answers (id, response_id, question_id, answer_text, answer_numeric, answer_boolean, answer_date, is_empty, created_at) VALUES (33011, 827, 33251, '1', 1.0, 1, NULL, 0, '2025-09-24 19:57:23');
INSERT OR REPLACE INTO survey_answers (id, response_id, question_id, answer_text, answer_numeric, answer_boolean, answer_date, is_empty, created_at) VALUES (33012, 827, 33252, '0', 0.0, 0, NULL, 0, '2025-09-24 19:57:23');
INSERT OR REPLACE INTO survey_answers (id, response_id, question_id, answer_text, answer_numeric, answer_boolean, answer_date, is_empty, created_at) VALUES (33013, 827, 33253, NULL, NULL, NULL, NULL, 1, '2025-09-24 19:57:23');
INSERT OR REPLACE INTO survey_answers (id, response_id, question_id, answer_text, answer_numeric, answer_boolean, answer_date, is_empty, created_at) VALUES (33014, 827, 33254, NULL, NULL, NULL, NULL, 1, '2025-09-24 19:57:23');
INSERT OR REPLACE INTO survey_answers (id, response_id, question_id, answer_text, answer_numeric, answer_boolean, answer_date, is_empty, created_at) VALUES (33015, 827, 33255, '5', 5.0, NULL, NULL, 0, '2025-09-24 19:57:23');
INSERT OR REPLACE INTO survey_answers (id, response_id, question_id, answer_text, answer_numeric, answer_boolean, answer_date, is_empty, created_at) VALUES (33016, 827, 33256, '2', 2.0, NULL, NULL, 0, '2025-09-24 19:57:23');
INSERT OR REPLACE INTO survey_answers (id, response_id, question_id, answer_text, answer_numeric, answer_boolean, answer_date, is_empty, created_at) VALUES (33017, 827, 33257, '5', 5.0, NULL, NULL, 0, '2025-09-24 19:57:23');
INSERT OR REPLACE INTO survey_answers (id, response_id, question_id, answer_text, answer_numeric, answer_boolean, answer_date, is_empty, created_at) VALUES (33018, 827, 33258, '3', 3.0, NULL, NULL, 0, '2025-09-24 19:57:23');
INSERT OR REPLACE INTO survey_answers (id, response_id, question_id, answer_text, answer_numeric, answer_boolean, answer_date, is_empty, created_at) VALUES (33019, 827, 33259, '2', 2.0, NULL, NULL, 0, '2025-09-24 19:57:23');
INSERT OR REPLACE INTO survey_answers (id, response_id, question_id, answer_text, answer_numeric, answer_boolean, answer_date, is_empty, created_at) VALUES (33020, 827, 33260, '6', 6.0, NULL, NULL, 0, '2025-09-24 19:57:23');
INSERT OR REPLACE INTO survey_answers (id, response_id, question_id, answer_text, answer_numeric, answer_boolean, answer_date, is_empty, created_at) VALUES (33021, 827, 33261, NULL, NULL, NULL, NULL, 1, '2025-09-24 19:57:23');
INSERT OR REPLACE INTO survey_answers (id, response_id, question_id, answer_text, answer_numeric, answer_boolean, answer_date, is_empty, created_at) VALUES (33022, 827, 33262, '4', 4.0, NULL, NULL, 0, '2025-09-24 19:57:23');
INSERT OR REPLACE INTO survey_answers (id, response_id, question_id, answer_text, answer_numeric, answer_boolean, answer_date, is_empty, created_at) VALUES (33023, 827, 33263, NULL, NULL, NULL, NULL, 1, '2025-09-24 19:57:23');
INSERT OR REPLACE INTO survey_answers (id, response_id, question_id, answer_text, answer_numeric, answer_boolean, answer_date, is_empty, created_at) VALUES (33024, 827, 33264, '4', 4.0, NULL, NULL, 0, '2025-09-24 19:57:23');
INSERT OR REPLACE INTO survey_answers (id, response_id, question_id, answer_text, answer_numeric, answer_boolean, answer_date, is_empty, created_at) VALUES (33025, 827, 33265, '0', 0.0, 0, NULL, 0, '2025-09-24 19:57:23');
INSERT OR REPLACE INTO survey_answers (id, response_id, question_id, answer_text, answer_numeric, answer_boolean, answer_date, is_empty, created_at) VALUES (33026, 827, 33266, NULL, NULL, NULL, NULL, 1, '2025-09-24 19:57:23');
INSERT OR REPLACE INTO survey_answers (id, response_id, question_id, answer_text, answer_numeric, answer_boolean, answer_date, is_empty, created_at) VALUES (33027, 827, 33267, 'Improving data management and analytics capabilities | Developing mobile and remote work capabilities | Implementing new communication and engagement tools', NULL, NULL, NULL, 0, '2025-09-24 19:57:23');
INSERT OR REPLACE INTO survey_answers (id, response_id, question_id, answer_text, answer_numeric, answer_boolean, answer_date, is_empty, created_at) VALUES (33028, 827, 33268, '2025-09-15 13:25:24', NULL, NULL, NULL, 0, '2025-09-24 19:57:23');
INSERT OR REPLACE INTO survey_answers (id, response_id, question_id, answer_text, answer_numeric, answer_boolean, answer_date, is_empty, created_at) VALUES (33029, 827, 33269, 'Complete', NULL, NULL, NULL, 0, '2025-09-24 19:57:23');
INSERT OR REPLACE INTO survey_answers (id, response_id, question_id, answer_text, answer_numeric, answer_boolean, answer_date, is_empty, created_at) VALUES (33030, 827, 33270, '73.209.29.9', NULL, NULL, NULL, 0, '2025-09-24 19:57:23');

-- Table: normalization_jobs
CREATE TABLE normalization_jobs (
                id INTEGER PRIMARY KEY AUTOINCREMENT,
                job_name TEXT NOT NULL,
                status TEXT DEFAULT 'running',
                surveys_processed INTEGER DEFAULT 0,
                responses_processed INTEGER DEFAULT 0,
                questions_created INTEGER DEFAULT 0,
                answers_created INTEGER DEFAULT 0,
                started_at TIMESTAMP DEFAULT CURRENT_TIMESTAMP,
                completed_at TIMESTAMP,
                error_message TEXT
            );

-- Data for normalization_jobs (1 rows)
INSERT OR REPLACE INTO normalization_jobs (id, job_name, status, surveys_processed, responses_processed, questions_created, answers_created, started_at, completed_at, error_message) VALUES (1, 'normalization_20250923_163422', 'completed', 5, 22, 240, 585, '2025-09-23 20:34:22', '2025-09-23 16:34:22.498324', NULL);

-- Table: sync_tracking
CREATE TABLE sync_tracking (
                id INTEGER PRIMARY KEY AUTOINCREMENT,
                spreadsheet_id TEXT UNIQUE NOT NULL,
                last_sync_timestamp TIMESTAMP,
                last_source_update TIMESTAMP,
                row_count INTEGER DEFAULT 0,
                sync_status TEXT DEFAULT 'pending',
                created_at TIMESTAMP DEFAULT CURRENT_TIMESTAMP,
                updated_at TIMESTAMP DEFAULT CURRENT_TIMESTAMP
            );

-- Data for sync_tracking (5 rows)
INSERT OR REPLACE INTO sync_tracking (id, spreadsheet_id, last_sync_timestamp, last_source_update, row_count, sync_status, created_at, updated_at) VALUES (3, '1h9AooI-E70v36EOxuErh4uYBg2TLbsF7X5kXdkrUkoQ', '2025-09-23 17:14:49.749570', '2025-09-23 05:34:58.572723', 2, 'completed', '2025-09-23 21:14:49', '2025-09-23 17:14:49.749572');
INSERT OR REPLACE INTO sync_tracking (id, spreadsheet_id, last_sync_timestamp, last_source_update, row_count, sync_status, created_at, updated_at) VALUES (5, '1qEHKDVIO4YTR3TjMt336HdKLIBMV2cebAcvdbGOUdCU', '2025-09-23 17:14:49.758617', '2025-09-23 05:35:00.436297', 17, 'completed', '2025-09-23 21:14:49', '2025-09-23 17:14:49.758619');
INSERT OR REPLACE INTO sync_tracking (id, spreadsheet_id, last_sync_timestamp, last_source_update, row_count, sync_status, created_at, updated_at) VALUES (846, '1-aw7gjjvRMQj89lstVBtKDZ67Cs-dO1SHNsp4scJ4II', '2025-09-24 15:57:23.203482', '2025-09-23 05:35:04.627645', 1, 'completed', '2025-09-24 19:57:23', '2025-09-24 15:57:23.203494');
INSERT OR REPLACE INTO sync_tracking (id, spreadsheet_id, last_sync_timestamp, last_source_update, row_count, sync_status, created_at, updated_at) VALUES (847, '1f3NKqhNR-CJr_e6_eLSTLbSFuYY8Gm0dxpSL0mlybMA', '2025-09-24 15:57:23.220219', '2025-09-23 05:35:07.910460', 1, 'completed', '2025-09-24 19:57:23', '2025-09-24 15:57:23.220230');
INSERT OR REPLACE INTO sync_tracking (id, spreadsheet_id, last_sync_timestamp, last_source_update, row_count, sync_status, created_at, updated_at) VALUES (848, '1mQxcZ9U1UsVmHstgWdbHuT7bqfVXV4ZNCr9pn0TlVWM', '2025-09-24 15:57:23.236020', '2025-09-23 05:35:06.292543', 1, 'completed', '2025-09-24 19:57:23', '2025-09-24 15:57:23.236031');

